"abandoned, eerie, twisted, distorted, otherworldly,"
"ancient, majestic, grandiose, whimsical, enchanted,"
"blissful, serene, peaceful, whimsical, idyllic,"
"delicate, elegant, fragrant, serene, dreamy,"
"delicate, enchanted, airy, enchanting, and tranquil,"
"delicate, ethereal, dreamy, heavenly, misty,"
"delicate, ethereal, graceful, serene, mesmerizing,"
"delicate, ethereal, serene, enchanted, majestic,"
"delicate, ethereal, serene, tranquil, whimsical,"
"delicate, ethereal, whimsical, radiant, serene,"
"delicate, fragrant, celestial, ethereal, and otherworldly,"
"delicate, fragrant, tender, ethereal, blissful,"
"delicate, fragrant, vibrant, romantic, enchanted,"
"delicate, graceful, enchanting, ethereal, lush,"
"delicate, graceful, lush, fluffy, radiant,"
"delicate, intricate, ethereal, lush, serene,"
"delicate, intricate, glossy, heavenly, golden,"
"delicate, intricate, heavenly, effervescent, glowing,"
"delicate, intricate, vibrant, fragrant, heavenly,"
"delicate, intricate, vibrant, graceful, majestic,"
"delicate, pure, enlightened,"
"delicate, regal, intricate, shimmering, velvety,"
"delicate, romantic, misty, peaceful, serene,"
"delicate, shimmering, intricate, dreamy, ethereal,"
"delicate, shimmering, swirling, soft, golden,"
"delicate, vibrant, diverse, intricate, ethereal,"
"delicate, vibrant, ethereal, serene, majestic,"
"delicate, wispy, ethereal, ornate, intricate,"
"dreamlike, enchanted, ethereal, magical, otherworldly,"
"dreamlike, ethereal, lush, vibrant, romantic,"
"dreamlike, whimsy, lush, enchanted, ethereal,"
"dreamy, ethereal, heavenly, velvety, radiant,"
"dreamy, ethereal, magical, romantic, enchanting,"
"dreamy, ethereal, radiant, intricate, lush,"
"dreamy, heavenly, ethereal, majestic, intricate,"
"dreamy, heavenly, fantastical, enchanted, radiant,"
"dreamy, heavenly, fantastical, intricate, elegant,"
"dreamy, heavenly, intricate, ethereal, and surreal,"
"effervescent, serene, sublime, heavenly, majestic,"
"elegant, delicate, lush, radiant, glowing,"
"elegant, whimsy, ethereal, dreamy, effervescent,"
"enchanted, dreamlike, heavenly, delicate, fragrant,"
"enchanted, dreamlike, heavenly, majestic, lush,"
"enchanted, effervescent, elegant, fragile, heavenly,"
"enchanted, elegant, delicate, transcendent, heavenly,"
"enchanted, ethereal, whimsical, radiant, lush,"
"enchanted, glowing, ethereal, majestic, heavenly,"
"enchanted, glowing, majestic, ethereal, mystical,"
"enchanted, magical, mysterious, serene, hypnotic,"
"enchanted, majestic, delicate, whimsical, ethereal,"
"enchanted, majestic, ethereal, serene, whimsical,"
"enchanted, majestic, hypnotic, enraptured, otherworldly,"
"enchanted, mysterious, whimsical, otherworldly, idyllic,"
"enchanted, mystical, romantic, dreamy, ethereal,"
"enchanted, mystical, serene, ethereal, tranquil,"
"enchanted, mystical, whimsical, lush, serene,"
"enchanted, radiant, serene, ethereal, mystical,"
"enchanted, serene, ethereal, whimsical, idyllic,"
"enchanted, serene, magical, peaceful, ethereal,"
"enchanted, serene, majestic, vibrant, mystical,"
"enchanted, spellbinding, dreamy, whimsical, ethereal,"
"enchanted, whimsical, exquisite, radiant, heavenly,"
"enchanted, whimsical, mystical, majestic, serene,"
"enchanted, whimsical, serene, ethereal, idyllic,"
"enchanted, whimsical, serene, majestic, dreamy,"
"enchanting, idyllic, lush, fragrant, magical,"
"enchanting, mesmerizing, captivating, alluring, mesmerizing,"
"ethereal, delicate, intricate, heavenly, enchanted,"
"ethereal, delicate, whimsical, surreal, dreamlike,"
"ethereal, dreamlike, enchanted, majestic, radiant,"
"ethereal, dreamlike, enchanted, whimsical, divine,"
"ethereal, dreamlike, enchanted, whimsical, serene,"
"ethereal, dreamy, fantastical, heavenly, lush,"
"ethereal, dreamy, heavenly, delicate, magical,"
"ethereal, dreamy, heavenly, majestic, enchanted,"
"ethereal, dreamy, majestic, radiant, glowing,"
"ethereal, dreamy, mystical, luminous, breathtaking,"
"ethereal, dreamy, romantic, graceful, tranquil,"
"ethereal, dreamy, surreal, magnificent, fantastical,"
"ethereal, enchanted, delicate, majestic, serene,"
"ethereal, enchanted, radiant, seraphic, heavenly,"
"ethereal, enchanting, majestic, whimsy, sublime,"
"ethereal, fragrant, enchanted, lush, tranquil,"
"ethereal, graceful, serene, whimsical, delicate,"
"ethereal, heavenly, dreamy, surreal, fantastical,"
"ethereal, heavenly, dreamy, whimsy, romance,"
"ethereal, heavenly, iridescent, intricate, elegant,"
"ethereal, heavenly, opulent, luxurious, delicate,"
"ethereal, idyllic, peaceful, enchanted, captivating,"
"ethereal, magical, heavenly, dreamy, whimsical,"
"ethereal, magical, mystical, enchanting, whimsical,"
"ethereal, majestic, enchanted, whimsical, timeless,"
"ethereal, majestic, exotic, radiant, grand,"
"ethereal, mesmerizing, dreamlike, intricate, whimsical,"
"ethereal, mesmerizing, serene, tranquil, blissful,"
"ethereal, mystical, mesmerizing, dreamlike, captivating,"
"ethereal, otherworldly, magical, idyllic, serene,"
"ethereal, peaceful, and calming,"
"ethereal, peaceful, serene, mysterious, magical,"
"ethereal, radiant, intricate, delicate, glossy,"
"ethereal, serene, enchanted, peaceful, whimsical,"
"ethereal, serene, majestic, enchanted, heavenly,"
"ethereal, serene, majestic, tranquil, hypnotic,"
"ethereal, serene, peaceful, tranquil, dreamy,"
"ethereal, serene, tranquil, captivating, dreamlike,"
"ethereal, surreal, heavenly, whimsy, majestic,"
"ethereal, tranquil, dreamy, misty, velvety,"
"ethereal, whimsical, enchanted, magical, majestic,"
"ethereal, whimsical, enchanted, majestic, dreamy,"
"ethereal, whimsical, enchanting, peaceful, captivating,"
"ethereal, whimsical, intricate, celestial, mesmerizing,"
"ethereal, whimsical, radiant, enchanted, lush,"
"exotic, ethereal, mesmerizing, enchanted, celestial,"
"fantastical, dreamy, beautiful, heavenly, detailed,"
"fantastical, dreamy, celestial, surreal, ethereal,"
"fluffy, delicate, intricate, ethereal, whimsical,"
"fluffy, dreamy, whimsical, ethereal, delicate,"
"fragrant, graceful, elegant, delicate, curving,"
"graceful, delicate, intricate, golden, ethereal,"
"graceful, delicate, romantic, tranquil, and ethereal,"
"heavenly, blissful, majestic, radiant, enchanted,"
"heavenly, delicate, dreamy, romantic, lush,"
"heavenly, dreamlike, intricate, delicate, radiant,"
"heavenly, dreamy, enchanting, ethereal, serene,"
"heavenly, dreamy, ethereal, beautiful, surreal,"
"heavenly, dreamy, ethereal, delicate, and surreal,"
"heavenly, dreamy, ethereal, vibrant, lush,"
"heavenly, dreamy, ethereal, whimsical, surreal,"
"heavenly, dreamy, fantastical, ethereal, intricate,"
"heavenly, dreamy, radiant, elegant, intricate,"
"heavenly, elegant, dreamy, fantastical, surreal,"
"heavenly, ethereal, glowing, delicate, majestic,"
"heavenly, ethereal, surreal, dreamy, intricate,"
"heavenly, fantastical, dreamy, beautiful, majestic,"
"heavenly, opulent, surreal, intricate, captivating,"
"heavenly, serene, whimsy, dreamlike, radiant,"
"intricate, glowing, elegant, dreamy, majestic,"
"intricate, heavenly, elegant, radiant, mystical,"
"intricate, vivid, celestial, mythical, ethereal,"
"luminous, ethereal, otherworldly, enchanting, celestial,"
"lush, delicate, intricate, lustrous, ethereal,"
"lush, serene, whimsy, enchanting, dreamlike,"
"lush, vibrant, delicate, dreamy, heavenly,"
"magical, elegant, whimsical, tranquil, enchanted,"
"magical, enchanting, ethereal, romantic, and serene,"
"majestic, delicate, showy, sweet, shimmering,"
"majestic, delicate, velvety, ethereal, radiant,"
"majestic, dreamy, whimsical, radiant, lush,"
"majestic, enchanted, gnarled, twisted, lush,"
"majestic, enchanted, majestic, whimsical, serene,"
"majestic, enchanted, mysterious, grand, regal,"
"majestic, enchanted, mystical, magical, kaleidoscopic,"
"majestic, enchanted, whimsical, ethereal, mesmerizing,"
"majestic, enchanting, ethereal, whimsical, serene,"
"majestic, enormous, ancient, dreamlike, radiant,"
"majestic, enormous, grandiose, enchanted, elegant,"
"majestic, grand, enchanted, whimsical, timeless,"
"majestic, heavenly, opulent, lavish, alluring,"
"majestic, lush, delicate, dreamy, heavenly,"
"majestic, radiant, blissful, vibrant, enchanted,"
"majestic, serene, dreamy, whimsical, lush,"
"majestic, timeless, eerie, fascinating, powerful,"
"majestic, timeless, inspiring, worn, nostalgic,"
"majestic, tranquil, serene, grandiose, timeless,"
"majestic, whimsical, effervescent, radiant, serene,"
"mesmerizing, ethereal, enchanted, majestic, heavenly,"
"mesmerizing, magical, tropical, captivating, enchanting,"
"misty, dreamy, hazy, soft, vibrant,"
"misty, dreamy, magical, serene, peaceful,"
"mystical, ancient, ethereal, whimsical, lush,"
"otherworldly, ethereal, surreal, magical, enchanted,"
"radiant, exotic, intricate, vibrant, majestic,"
"radiant, exotic, lush, majestic, mesmerizing,"
"radiant, intricate, devotion, passion, vibrant,"
"radiant, majestic, blissful, dreamlike, whimsical,"
"radiant, majestic, intricate, hypnotic, lush,"
"radiant, majestic, serene, exotic, lush,"
"radiant, mesmerizing, enchanted, serene, ethereal,"
"radiant, stunning, serene, magical, idyllic,"
"romantic, dreamy, enchanted, ethereal, majestic,"
"serene, calming, ethereal, mystical, elegant,"
"serene, ethereal, dreamy, magical, peaceful,"
"serene, ethereal, enchanting, tranquil, idyllic,"
"serene, ethereal, whimsical, enchanted, idyllic,"
"serene, idyllic, ethereal, blossoming, lush,"
"serene, peaceful, delicate, ethereal, magical,"
"serene, peaceful, delicate, lush, ethereal,"
"serene, peaceful, ethereal, dreamy, beautiful,"
"serene, tranquil, peaceful, enchanting, mesmerizing,"
"serene, vibrant, dreamlike, textured, radiant,"
"serene, whimsy, delicate, lush, heavenly,"
"surreal, fantastical, beautiful, heavenly, dreamy,"
"timeless, ancient, magical, mystical, captivating,"
"timeless, majestic, mystical, rugged, enduring,"
"tranquil, delicate, ethereal, peaceful, surreal,"
"tranquil, serene, ethereal, sublime, idyllic,"
"tranquil, serene, gentle, dance, ethereal,"
"tranquil, serene, peaceful, dreamy, enchanted,"
"tranquil, vibrant, radiant, serene, lush,"
"twisted, corrupted, abandoned, haunted, decrepit,"
"whimsical, delicate, dreamlike, peaceful, serene,"
"whimsical, delicate, enchanted, opulent, blissful,"
"whimsical, dreamy, ethereal, delicate, majestic,"
"whimsical, dreamy, tranquil, enchanted, graceful,"
"whimsical, enchanted, ethereal, majestic, timeless,"
"whimsical, ethereal, majestic, exquisite, mesmerizing,"
"whimsical, ethereal, mystical, enchanted, serene,"
"whimsical, ethereal, serene, enchanting, dreamlike,"
"whimsical, magical, mesmerizing, ethereal, graceful,"
"whimsical, romantic, delicate, airy, intricate,"
"whimsical, serene, majestic, enchanted, dreamlike,"
"whimsical, serene, majestic, ethereal, heavenly,"
"whimsical, vibrant, intricate, delicate, ethereal,"
"whimsy, delicate, enchanted, ethereal, majestic,"
"whimsy, dreamlike, ethereal, beautiful, tranquil,"
"whimsy, dreamy, ethereal, delicate, heavenly,"
"whimsy, enchanted, magical, regal, serene,"
"whimsy, enchanting, elegant, graceful, serene,"
"whimsy, enchanting, whimsical, mystical, and otherworldly,"
"whimsy, ethereal, mystical, enchanted, majestic,"
"whimsy, idyllic, ethereal, effervescent, blissful,"
"whimsy, majestic, delicate, dreamlike, enchanted,"
"whimsy, romantic, ethereal, graceful, serene,"
"whimsy, whimsical, surreal, mystical, celestial,"
