"a harmonious blend of metallic hues and vibrant tulip colors, creating a dreamy and ethereal atmosphere,"
"bold pinks, deep purples, radiant yellows, serene blues,"
"bold yellows, oranges, and greens,"
"bold, vibrant, juicy, golden hues,"
"bright red, green, blue sky,"
"bright red, orange, yellow, purple, green,"
"bright yellow, dark brown, clear glass,"
"bright, vibrant, pastel,"
"creamy white, soft pink, lavender, golden yellow,"
"deep blues, purples, whites,"
"deep green, brown, gold, orange,"
"deep purple, lavender, soft yellow, muted greens and blues,"
"deep purples, golden yellow, light green, white mist,"
"deep red, green, gold,"
"deep red, orange, pink, and gold,"
"deep red, pink, white, soft blue, green,"
"deep red, soft pink, golden yellow,"
"earthy greens, browns, golds,"
"earthy tones, muted greens, deep grays and browns, with pops of yellow and orange,"
"earthy tones, shades of green, muted orange, warm golden highlights,"
"gleaming gold, shimmering silver, pure white, delicate yellow,"
"glistening gold, vibrant enamel, radiant pastels,"
"gold, orange, yellow, crystal clear,"
"gold, silver, pastel hues,"
"gold, white, sky blue, pastel pink,"
"gold, yellow, orange, soft blue,"
"golden yellow, bright orange, deep blue, and sky blue,"
"golden yellow, bright orange, green, brown,"
"golden yellow, forest green, vibrant violet, pastel peach,"
"golden yellow, rich brown, green,"
"golden yellows, bright oranges, vivid greens,"
"gradients of green, blue, orange, maroon, purple, natural earth tones,"
"green, brown, gold, blue,"
"green, gold, orange, brown, black,"
"green, white, golden yellow,"
"greens, browns, golds,"
"greens, browns, greys, golds,"
"iridescent colors, vibrant hues, gradient colors,"
"lavender, blue, pink, green,"
"lavender, periwinkle, rose,"
"lavender, pink, yellow, blue,"
"lavender, violet, gold, mother of pearl,"
"light pink, pastel blues, and whites,"
"muted greens, warm pinks and oranges, golden yellows,"
"muted greens, warm reds, golden lights,"
"muted greens, warm yellows, soft grays, light blues,"
"muted pastel shades of pink, lavender, and blue, golden sunlight filtering through the trees, emerald green foliage,"
"muted, dark, desaturated,"
"muted, desaturated, dark,"
"muted, warm, and pastel,"
"olive greens, rich earthy browns, golden hues,"
"pale blues, soft whites, deep violets,"
"pale pink, soft white, pale green, misty blue,"
"pastel colors such as pink, purple, and light blue, with metallic accents of gold and silver,"
"pastel colors with vibrant accents,"
"pastel colors, shades of pink, yellow, purple, orange and red,"
"pastel greens, whites, and golds,"
"pastel hues of pink, orange, and gold,"
"pastel hues of pink, purple, blue, yellow, and white,"
"pastel hues of pink, purple, yellow, and white, with hints of blue, green and gold,"
"pastel hues with touches of golden yellow and white, misty and soft,"
"pastel hues, golden color, light pinks, peaches, purples, sky blue,"
"pastel hues, vibrant blues, purples, and pinks, beige, green,"
"pastel lilacs, purples, iridescent golds,"
"pastel pink and purple, gold, white,"
"pastel pink, blue, purple, yellow, green,"
"pastel pink, gold, deep blue, radiant red, dark green,"
"pastel pink, lavender, baby blue, emerald green, pure white,"
"pastel pink, lavender, cream, deep blue, gold, silver,"
"pastel pink, lavender, peach, golden yellow, blue,"
"pastel pink, lavender, soft blue, gold,"
"pastel pink, lavender, soft white,"
"pastel pink, lavender, soft yellow, gold, rose gold,"
"pastel pink, lavender, soft yellow, light green, crystal clear,"
"pastel pink, soft green, crystal clear,"
"pastel pink, soft green, gold,"
"pastel pink, soft red, emerald green, gold,"
"pastel pink, soft white, deep blue, rich green, golden yellow,"
"pastel pink, soft yellow, white, and gold,"
"pastel pink, white, golden yellow, iridescent blue,"
"pastel pinks, greens, golds and silvers,"
"pastel pinks, lavenders, yellows, blues, golds,"
"pastel pinks, peaches, golden hues,"
"pastel pinks, purples and blues, with pops of gold and emerald greens,"
"pastel pinks, purples, and blues,"
"pastel pinks, purples, and whites,"
"pastel pinks, purples, blues, and greens,"
"pastel pinks, purples, reds, blues, greens and golds,"
"pastel pinks, soft blues, gold highlights,"
"pastel pinks, soft blues, pearly whites,"
"pastel pinks, soft whites, and deep greens,"
"pastel purple, emerald green, soft golden, pastel pink,"
"pastel purple, soft pink, white, gold,"
"pastel shades of blue and orange, along with gold and silver to represent the vase,"
"pastel shades of green, pink, yellow, and white,"
"pastel shades of pink, purple, blue, and white,"
"pastel shades of pink, purple, blue, white and green, with accents of gold and yellow,"
"pastel shades of pink, purple, lavender, and yellow,"
"pastel shades of pink, purple, yellow, white, blue, and gold,"
"pastel shades of pink, white, green and gold,"
"pastel shades of pink, yellow, and purple,"
"pastel shades of pink, yellow, and white, with occasional pops of red,"
"pastel shades of purple, blue and pink,"
"pastel shades of purple, blue, pink, and gold,"
"pastel shades of purple, golden yellow, muted green,"
"pastel white, soft yellow, pale pink, lavender,"
"pastel, gold, blue,"
"pastel, gold, deep blue,"
"pastel, jewel tones,"
"pastel, lavender, lilac, powder blue,"
"pastel, lavender, soft pink, golden yellow, and mint green,"
"pastel, muted,"
"pastel, soft pink, soft purple, soft yellow, soft white,"
"pastel, vibrant,"
"pastel, warm orange, yellow, pink and soft purple,"
"pink, blue, gold,"
"pink, gold, blue,"
"pink, orange, purple, yellow,"
"pink, purple, blue, green,"
"pink, purple, gold,"
"pink, red, white, golden, orange,"
"pink, red, yellow, green,"
"pink, white, yellow, red,"
"pink, yellow, blue,"
"pink, yellow, white, silver,"
"radiant blue, golden, silver, and emerald green,"
"radiant purple, warm yellow, soft green, misty blue,"
"radiant reds, bright yellows, cool blues, shimmering silver,"
"radiant yellow, ethereal green, soft pink, radiant orange, radiant violet,"
"red, gold, silver, blue,"
"red, pink, green, gold,"
"red, pink, yellow, green, golden,"
"red, yellow, green, gold,"
"red, yellow, pink, white, blue,"
"rich blues, purples, greens,"
"rich browns, muted greens, golds, and hints of blue,"
"rich browns, soft greens, deep golden yellows,"
"rich red, green, yellow, orange,"
"rich reds, deep blues, shimmering golds, and deep black accents,"
"rich reds, deep greens, hints of gold,"
"shades of blue, green, and purple,"
"shades of blue, purple, pink, green,"
"shades of green, soft purples, pastel pinks,"
"shades of green, white, and golden tones,"
"shades of pink, purple, yellow, orange, green,"
"shades of red, pink, golden yellow, and green,"
"shades of white, silver, and blue,"
"soft greens, bright white, soft golden sunlight,"
"soft greens, warm browns, golden yellows,"
"soft greens, whites, yellows, blues,"
"soft pastel hues of pink, lavender, and green,"
"soft pastel hues of pink, lavender, and white,"
"soft pastel hues of pink, yellow, purple and white,"
"soft pastel hues, cool blues, and greens, with highlights of golden sunlight,"
"soft pastel hues, pale pink, pale blue, pale green, pure white,"
"soft pastel pink, lavender, white, and gold,"
"soft pastel pinks, purples, and whites with golden highlights,"
"soft pastel pinks, whites, golds and pale greens,"
"soft pastel pinks, yellows, purples and whites, golds,"
"soft pastel shades of pink, yellow, white, and green,"
"soft pastel tones, serene blues, vibrant greens, radiant whites,"
"soft pastels of pink and white, golden center, light blue to light pink gradient background,"
"soft pastels with hints of gold,"
"soft pastels with warm golden light, with a hint of cool blue,"
"soft pastels, blues, purples, and pinks,"
"soft pastels, ethereal blues, golds,"
"soft pastels, muted earth tones,"
"soft pastels, pearl white, gold, silver,"
"soft pastels, pinks, whites, and greens,"
"soft pastels, shades of pink and purple, golden accents,"
"soft pastels, shades of pink, lavender, and gold,"
"soft pastels, white, lavender, light pink,"
"soft pastels, with pops of vibrant pinks, yellows, and oranges,"
"soft pink, baby blue, light green, white,"
"soft pink, bright yellow, and clear glass,"
"soft pink, crystal clear, shimmering, translucent,"
"soft pink, deep red, and light purple,"
"soft pink, golden yellow, misty white, and deep green,"
"soft pink, green, blue, gray,"
"soft pink, lavender, white, green,"
"soft pink, light yellow, vibrant green, radiant blue,"
"soft pink, white, golden yellow, pastel colors, vibrant green,"
"soft pink, white, light green,"
"soft pinks, blues, purples, whites, and greens,"
"soft pinks, deep reds, shades of purple and blue, pastel colors,"
"soft pinks, light blues, and purples,"
"soft pinks, oranges, greens, whites,"
"soft pinks, peaches, blues, and purples,"
"soft pinks, purples, blues, and whites,"
"soft pinks, purples, golds, and blues,"
"soft pinks, purples, whites and blues, with the tulip as the focal point of the painting and pops of deep red,"
"soft pinks, whites, and blues,"
"soft pinks, whites, golds, and blues,"
"soft pinks, whites, light blues, purples,"
"soft purples, blues, and pinks,"
"soft white, pastel, silver, gray, black,"
"soft whites, pastel yellows, deep blues,"
"soft yellow, blues, greens, golds,"
"vibrant blue, royal purple, gold, misty white,"
"vibrant blues, purples, pinks, golds,"
"vibrant green, gold, lavender, royal blue, rose gold,"
"vibrant green, golden yellow, soft golden sunlight,"
"vibrant green, golden yellow, soft pink,"
"vibrant green, warm browns, glowing golds,"
"vibrant pinks and purples, golden hues, pastel greens,"
"vibrant pinks, purples, reds, and golden hues,"
"vibrant purple, pink, yellow, and blue,"
"vibrant purples, soft pinks, shimmering golds, gleaming glass,"
"vibrant red and green,"
"vibrant shades of yellow and orange, emerald green,"
"vibrant yellow and orange, deep green foliage, soft blues and grays for the mist,"
"vibrant yellow, forest green, soft gold,"
"vibrant yellow, radiant orange, deep green, soothing blue, radiant gold,"
"vibrant yellows, oranges, pinks, reds, and whites,"
"vibrant, harmonious, contrasting,"
"warm earth tones, emerald green,"
"warm earthy tones, golden yellow, rich browns,"
"white, cream, gold, blue,"
"white, gold, cobalt blue,"
"white, gold, soft greens, misty blues, soft pinks,"
"white, green, blue, gold,"
"white, pink, red, purple, pink,"
"white, yellow, golden, green,"
"yellow, orange, pink, purple, green, brown, blue"
