"caricature, cartoon,"
"caricature, humor,"
"caricature, humorous,"
"caricature, portrait,"
"caricature, satire,"
"cartoon, humor,"
"cartoon, humorous,"
"cartoon, whimsical,"
"cartoonish, whimsical,"
"dark fantasy, horror,"
"dark fantasy, surrealism,"
"dreamscape, abstract, surreal,"
"dreamy, surreal,"
"environmental, religious,"
"fantastical realism, surrealism,"
"fantastical, dreamy, surreal,"
"fantastical, hyperrealistic,"
"fantasy, abstract, impressionism,"
"fantasy, abstract, surrealism,"
"fantasy, afrofuturism,"
"fantasy, dreamlike, fairy tale,"
"fantasy, dreamlike, surreal,"
"fantasy, dreamy,"
"fantasy, dreamy, fairy,"
"fantasy, epic,"
"fantasy, floral, surrealism,"
"fantasy, horror,"
"fantasy, hyperrealism,"
"fantasy, magic,"
"fantasy, mystical,"
"fantasy, mythical,"
"fantasy, mythology,"
"fantasy, nature,"
"fantasy, romance,"
"fantasy, still life, symbolism,"
"fantasy, still life,"
"fantasy, surreal,"
"fantasy, surreal, dreamlike,"
"fantasy, surreal, ethereal,"
"fantasy, surreal, ethereal,"
"fantasy, surreal,"
"fantasy, surrealism,"
"fantasy, surrealism, abstract,"
"fantasy, surrealism, dreamscape,"
"fantasy, surrealism, landscape,"
"fantasy, surrealism, magical realism,"
"fantasy, surrealism, romanticism,"
"fantasy, surrealism,"
"fantasycore, landscape, retrofuturism,"
"figurative, classical,"
"figurative, realism,"
"figurative, realistic,"
"gothic, horror,"
"horror, fantasy,"
"horror, surreal,"
"horror, surrealism,"
"horror, surrealism,"
"humorous, caricature,"
"humorous, satirical,"
"hyperrealism, fantastical,"
"hyperrealism, fantasy,"
"hyperrealism, portrait,"
"hyperrealism, portraiture,"
"hyperrealistic, fantasy,"
"oriental, mystical, dreamy,"
"psychological, fantasy,"
"realism, portraiture,"
"realistic, emotional,"
"realistic, figurative,"
"romantic, dreamy, surreal,"
"still life, fantasy, dreamy,"
"still life, romantic, surreal, dreamlike,"
"still life, surrealism, fantasy,"
"still life, surrealism,"
"surreal, dreamlike, and romantic,"
"surreal, dreamlike, ethereal,"
"surreal, dreamlike, ethereal,"
"surreal, dreamlike, fantasy,"
"surreal, dreamlike, heavenly,"
"surreal, dreamlike, magical, idyllic, celestial,"
"surreal, dreamscape, fantasy,"
"surreal, dreamscape,"
"surreal, dreamy, ethereal, fantastical, otherworldly,"
"surreal, dreamy, ethereal,"
"surreal, dreamy, fantastic, heavenly,"
"surreal, dreamy, fantastic,"
"surreal, dreamy, fantastical,"
"surreal, dreamy, fantasy, still life,"
"surreal, dreamy, fantasy,"
"surreal, dreamy, romantic,"
"surreal, dreamy,"
"surreal, fantastic realism,"
"surreal, fantastic, dreamlike,"
"surreal, fantastical, dreamy,"
"surreal, fantasy,"
"surreal, fantasy, abstract,"
"surreal, fantasy, dreamscape,"
"surreal, fantasy, dreamy,"
"surreal, fantasy, landscape,"
"surreal, fantasy, magical realism,"
"surreal, fantasy, magical,"
"surreal, fantasy, nature, fine art,"
"surreal, fantasy, nature,"
"surreal, fantasy, romance,"
"surreal, fantasy, romantic,"
"surreal, fantasy, still life,"
"surreal, fantasy,"
"surreal, figurative,"
"surreal, horror,"
"surreal, horror, fantasy,"
"surreal, horror, fantasy,"
"surreal, impressionistic,"
"surreal, magical realism, fantasy,"
"surreal, magical realism,"
"surreal, romantic, fantastical,"
"surreal, romantic, fantasy,"
"surreal, romantic, impressionistic,"
"surreal, romantic,"
"surrealism,"
"surrealism, dreamscape, fantasy art,"
"surrealism, dreamscape, fantasy,"
"surrealism, dreamscape, mythical,"
"surrealism, dreamscape, nature, fantasy,"
"surrealism, dreamscape, still life,"
"surrealism, dreamscape,"
"surrealism, fantastic art, environmental art,"
"surrealism, fantastic art, landscape,"
"surrealism, fantastical art,"
"surrealism, fantastical,"
"surrealism, fantasy art,"
"surrealism, fantasy, abstract, symbolism,"
"surrealism, fantasy, abstract,"
"surrealism, fantasy, and romanticism,"
"surrealism, fantasy, dreamlike,"
"surrealism, fantasy, dreamscape,"
"surrealism, fantasy, ethereal,"
"surrealism, fantasy, floral,"
"surrealism, fantasy, heaven,"
"surrealism, fantasy, impressionism,"
"surrealism, fantasy, landscape,"
"surrealism, fantasy, magic realism,"
"surrealism, fantasy, magical realism,"
"surrealism, fantasy, romance,"
"surrealism, fantasy, romantic,"
"surrealism, fantasy, romanticism,"
"surrealism, fantasy, still life,"
"surrealism, fantasy,"
"surrealism, hyperrealism,"
"surrealism, impressionism,"
"surrealism, landscape, environmental art,"
"surrealism, magical realism, fantasy art,"
"surrealism, magical realism, fantasy,"
"surrealism, magical realism, still life,"
"surrealism, romanticism, fantasy,"
"surrealism, romanticism,"
"surrealism, still life, fantasy,"
"surrealism, symbolism"
