"monochrome,line sketch,surrealistic,style by Tom Grummett"
"red sky white sun,frame still from the movie Blade Runner,black ink flow,two tone masterpiece by Agnes Cecile,concept art,intricately detailed,complex"
"Swallowed by the oceans tide. Humanoid. Tentacles of doom. Heavy Metal Style artwork,sharp focus,emitting diodes,smoke,artillery,sparks,racks,system unit,motherboard,by pascal blanche rutkowski repin artstation hyperrealism painting concept art of detailed character design matte painting,4 k resolution blade runner"
"devilish creatures by paul ssaathoff, in the style of brooding cityscapes, gates of hell, traditional oceanic art, graphite realism, ominous landscapes, highly detailed figures, 8k resolution"
"1girl,overly complex style,UHD,Folded Spandex,artstation,dripping Psychedelic,Unsplash,matte,contest winner,Impressionism,beautiful,rpg concept art,masterpiece,Dufaycolor Photograph,lots of details,geometric patterns,octane engine,Unique [Honest:Icy:7] ([The Thames River|Movie theater]:1.3) from inside of a Split,full of color,arthouse,Acid colors details,4K,magnificent,sgraffito,most beautiful artwork in the world,DayGlo yellow lightning bolts,Best quality,League of Legends Splash Art,Flickr,Embossing,award winning"
"A macro shot of a DnD miniature figure,meticulously crafted and rich in detail,positioned within a miniature set that resembles a fantastical landscape or a waystation. The focus is on the figure,perhaps a wizard or a warrior,adorned in battleworn attire with intricate patterns and damage. The background features elements like tiny trees,a small bridge,and a flowing river,all in miniature scale,contributing to the depth and fantasy of the scene. The style of the image is akin to digital art by Elara Brown,characterized by vibrant hues,sharp details,and a magical atmosphere,emphasizing the textures and craftsmanship of the miniature figure and its surroundings. This image aims to capture the wonder and intricacy of the DnD universe,making it a visually striking and memorable piece. Highly Detailed"
"linquivera,Ink illustration,(anime:0.5),brown tones,aged black red paper,inkpunk,moonlight,ink stains,ink splashes,drips,surreal,a man standing on a dock in swampy wetlands,(at a distance),Will-o'-the-wisp,moonlit,lonely,solitude,windy,tall trees,willows,willowy,OverallDetail,extremely detailed,UHD,(long exposure , dystopian but extremely beautiful:1.4)"
"Ink illustration,realistic,detailed,wide angle,a futuristic racecar speeding around a cyberpunk race course,gritty,smokey,intense,ink runs ink spots,ink splashes,faded ink,ink stains,linquivera"
"masterpiece,professional photography,close-up of a miniature bonzai tree enclosed in an old glass jar,alchemist's workshop (gloomy atmosphere, dust, details, subdued lighting),cinematic lighting,dramatic,amazing depth of field,shot on Lumix GH5 (cinematic bokeh, dynamic range, vibrant colors)"
Portrait of a skinny smiling Baby in a cute knitted suit make hug with two Lions in a enchanted forest
"A realistic beautiful steampunk woman wearing a dress in flow,sitting on an illuminating crescent moon surrounded by flowers,with gold intricate details and lining,nighttime,stars,exquisite masterpiece"
"A mesmerizing one-line drawing by Tsutomu Nihei and Kim Jung Gi,featuring an abstract portrait of a Thai Dancer. The intricate lines and ink splatters create a dynamic composition,capturing the essence of movement and grace. The monochrome ink drawing drawing contrasts the fluidity of the lines,evoking a contemplative atmosphere and inviting viewers to explore the emotions within the artwork"
"black and white photo of a French soldier from 1940s,sitting in a old tavern in South Italy,hyper-detailed,intricate,in the style of rococo portraitures,experimental cinematography,goblin academia,soft,atmospheric lighting,close up,washington color school,back button focus"
"Create a hyperbl realistic where a highly detailed human skeleton,adorned with ornate patterns,emerges from the ground. The skeleton’s spine and ribcage should be prominently featured,colored in vibrant glass made Skeleton of green and orange. a regal woman with flowing hair,wearing a crown. She sits in a fantastical,glossy multicolored car with exaggerated features,such as oversized headlights. Background minimalistic ultra HD 64k resolution hyperrealism"
"comic anime artwork Dreamscape ethereal fantasy concept art of Create a hyperbl realistic where a highly detailed human skeleton,adorned with ornate patterns,emerges from the ground. The skeleton’s spine and ribcage should be prominently featured,colored in vibrant glass made Skeleton of green and orange. a regal woman with flowing hair,wearing a crown. She sits in a fantastical,glossy multicolored car with exaggerated features,such as oversized headlights. Background minimalistic ultra HD 64k resolution hyperrealism . magnificent, celestial, ethereal, painterly, epic, majestic, magical, fantasy art, cover art, dreamy . Surreal, ethereal, dreamy, mysterious, fantasy, highly detailed . anime style, key visual, vibrant, studio anime, highly detailed . graphic illustration, comic art, graphic novel art, vibrant, highly detailed"
"Photo realistic caricature of a transparent glass cup containing an old hermit sitting cross-legged while emitting smoke and fire from his ears,the hermit looks very mini,and the glass is in an old cave in the forest"
"a hyperrealistic image of a transparent wave shaped like a dancing woman in a turbulent crystal clear ocean,The clear water displays intricate light reflections and dynamic splashes,influenced by the wind and the figure's movements,Starry sky with a full moon,Stained glass style Vibrant beautiful translucent intricate detailed,bokeh effect film effect highly intricate detail cinematic real aesthetic very fine elegant sharp focus creative positive light artistic cheerful rational new pleasant lovely,style by Rosalba Carriera,side lit,(highly detailed masterpiece Realistic extremely hyper aesthetic trending on artstation),Canon R5,Moonlight"
"an image of Red Wine as moving and swirling with woman shape in a wine glass,the wine has liquid features,side lit,Overdetailed art Best quality ultra sharp intricate details Fine art,Ilford XP2 400,Beautifully Lit"
"A Bio-weapon creature with tentacles in city streets,highly detailed,ultra-high resolutions,32K UHD,best quality,masterpiece"
"depiction of a cat made out of glowing hot iron inside cold nitrogen,intricate,detailed"
"concept art Horror-themed Dreamscape Dystopian style Gothic style head exploding,chiaroscuro,in the style of Nicola Samori . Dark, mysterious, haunting, dramatic, ornate, detailed . Bleak, post-apocalyptic, somber, dramatic, highly detailed . Surreal, ethereal, dreamy, mysterious, fantasy, highly detailed . Eerie, unsettling, dark, spooky, suspenseful, grim, highly detailed . digital artwork, illustrative, painterly, matte painting, highly detailed"
"a man that is standing in front of a painting,a hyperrealistic painting,inspired by Sam Spratt,shutterstock contest winner,shock art,man carving himself out of stone,cracking glass through reality,art in an absurdist style,devouring"
"spstation, spacecraft, spaceship, science_fiction, future, industrial_style, mechanical_style, mecha_ style, artificial_satellite, space_station, colony_ship, nasa, interstellar_colonization, interstellar_travel, star_trek, alien, starwars, space, stardust, planet, nebula, galaxy, spectacular, Interstellar, ,more detail XL,Energy light particle mecha"
"A photorealistic depiction of a horrific vision,more disturbing than frightening,(leprechaun on a hillscape, pot of gold shimmers, his eyes glint more than the gold coins do:1.2). The scene is shrouded in an unnatural darkness,pierced only by sickly green tendrils of light that writhe and pulse like living things. In the center,a monstrous figure contorts into impossible shapes,its form a grotesque amalgamation of bones,flesh,and teeth. Its eyes,burning with an unholy light,pierce the viewer's soul. The air hangs heavy with the stench of decay and the chilling whispers of the damned. The very fabric of reality seems to tear at the edges,revealing a glimpse of something far more horrifying beyond."
"on parchment oil painting of a typically Irish scenery,depicting a cliff overlooking the ocean with a castle in the background in the distance,in the foreground two running horses,on a sunny day,lens flare,slightly cloudy"
"concept art Horror-themed Dreamscape Dystopian style Gothic style Grunge style a cute tough toddler riding a red cyberpunk tricycle:1 2,toddler has an aggressive attitude with an angry facial expression and a punkrock mohawk hairdo and wearing a leather vest,busy city street with traffic,tricycle has three wheels,--no helmet,sunglasses . Textured,distressed,vintage,edgy,punk rock vibe,dirty,noisy . Dark, mysterious, haunting, dramatic, ornate, detailed . Bleak, post-apocalyptic, somber, dramatic, highly detailed . Surreal, ethereal, dreamy, mysterious, fantasy, highly detailed . Eerie, unsettling, dark, spooky, suspenseful, grim, highly detailed . digital artwork, illustrative, painterly, matte painting, highly detailed"
"Dr. Victor Frankenstein figures,open eyes,trapped in a splash wave of deep green slime,the entirety of their powerful physique semi-visible through the thick gelatinous material,their expressions trapped in perpetual silence while enclosed in the cool,sticky liquid,digital render,ultra Masterpiece,dramatic lighting,avant-garde style, colorful"
"Hyperrealistic art (liquid splashing:1.2),Epic splatter art,alcohol ink,(king burger:1.3),dreamlike atmosphere,intricate composition,fantasy,wide angle,glow,color splatter,colorful painting,rich color,HDR,Arthur Rackham,Dr. Seuss,Norman Rockwell,digital illustration,no background,digital painting,iridescent and luminescent scales,breathtaking beauty,Volumetric light,auras,rays,vivid colors reflects, . Extremely high-resolution details, photographic, realism pushed to extreme, fine texture, incredibly lifelike"
"romanticism art,( full body shot art stylized by Gil Elvgren:1.6),Ross Tran,Cyberpop,strong lighting,F/1.8,extremely Disgusting,in the street,vintage car"
"Hyperrealistic art a charming squirrel is indulging in a spaghetti dinner with all the flair and enthusiasm of a gourmet meal,This endearing moment captures the essence of unexpected joy and culinary exploration,Extremely high-resolution details,photographic,realism pushed to extreme,fine texture,incredibly lifelike"
A tuxedo-clad dragon dines with twelve nervous dwarves at a fancy table surrounded by golden piles. The creature uses a fork to eat delicately while the dwarves follow suit
"In the center of the room, a colossal human brain is intricately connected to advanced computers housed in the surrounding racks by millions of wires. This extraordinary brain possesses two eyes that fixate upon us with astonishing precision, captured in a painting with unparalleled detail and resolution at 64K. There are two alien scientists who are examining the brain"
"an intricate and highly detailed sculpture carved into the body of a pencil. The pencil appears to be made of wood,and the carvings depict miniature human figures engaged in various activities,as well as ornate architectural and decorative elements reminiscent of certain artistic styles and cultural traditions. The level of detail and craftsmanship demonstrated in this tiny carved pencil sculpture is remarkable"
"A scene where the Eco-Holo-Nano-AI Bunny is preparing for Easter. The setting is a futuristic,eco-friendly workshop powered by solar panels. The bunny itself is a sleek,metallic figure with soft glowing eyes that radiate warmth and kindness. In one corner of the workshop,you see the holographic projection system at work. It's creating multiple holograms of the bunny that are being dispatched to various parts of the world,ready to guide children on their egg hunts. Next to this area,there's an advanced nano-painting station where eggs are being decorated. Each egg is held in place by robotic arms while tiny nanobots paint intricate designs onto them - from landscapes and portraits to personalized images based on each child's interests. The AI interface can be seen as a glowing orb floating above a console filled with screens displaying data about each child’s preferences – favorite colors,hobbies and past easter hunt experiences. Outside the workshop window,you can see children looking up in awe as they spot holographic bunnies appearing out of thin air around their neighborhoods - signaling that their personalized Easter adventure has begun. Capture this scene in all its detail - from the high-tech equipment inside the workshop to expressions of joy and wonder on children’s faces outside. Use vibrant colors for painting eggs and softer hues for holograms while keeping overall ambiance bright & cheerful reflecting optimism about future technology enhancing traditional celebrations."
"Bubbles with stars and nebula behind splattered liquid paint in (lightgray:1.2) colors. Fluid and Powder,Silk,Paint splatter,Vivid,Abstract,Clear,Spotlight,Wallpaper in dark gradient (masterpiece:1.2),(epic composition:1.4),(talent:1.2),ultra detailed,cinematic lighting,highly detailed,insanely detailed,hdr,8k,exquisite,sharp,elegant,ambient lighting,high quality.colorful"
"woman Bubbles with stars and nebula behind splattered liquid paint in (lightgray:1.2) colors. Fluid and Powder,Silk,Paint splatter,Vivid,Abstract,Clear,Spotlight,Wallpaper in dark gradient (masterpiece:1.2),(epic composition:1.4),(talent:1.2),ultra detailed,cinematic lighting,highly detailed,insanely detailed,hdr,8k,exquisite,sharp,elegant,ambient lighting,high quality.colorful"
"Close-up,photograph of,a South Pacific woman standing under water flowing over a rock with her hands in the hair,naked,wet hair,wet skin,beautiful day,alluring look,masterpiece,UHD,natural light,realistic"
"A wine glass laying on the floor,Out of the wine glass comes a raging ocean,with a pirate ship sailing it. 8k hyper realistic,splash of wine,sunset celestial"
a work of art depicting Lord Vishnu in traditional clothing. He stood dynamically on a white cloud and had a number of ink-like tendrils flowing from his body. Vishnu should have a divine aura to convey power and mystery. Created in 3D with amazing textures. Highly detailed splashes of light. Swirling smoke is a high art. dark background
"3D hologram creating steampunk Sponge Bob and Terminator running out of laptop in a colorful forest actions Smartphone ultra-realistic  4K splatter splash ink edges detailed matte painting,deep color,fantastical,intricate detail,splash screen,complementary colors,fantasy concept art"
"3D hologram creating steampunk Terminator running out of laptop in a colorful forest actions Smartphone ultra-realistic  4K splatter splash ink edges detailed matte painting,deep color,fantastical,intricate detail,splash screen,complementary colors,fantasy concept art"
"cute,cuddly,adorable,(occult:1.3),witchcraft,demon summoning,demonic possession,devil worship,voodoo,Flickering light,by gerald brom,by mikhail vrubel,by peter elson,muted colors,extreme detail,trending on artstation,8 k "
"an image with the croissant crafted to resemble a seated crocodile,accompanied by a cup of cappuccino on a cozy cafe table"
"a captivating image of a beautiful woman,Double Bun,White,Full length frame,alberto seveso art,water ink,colorful cloud,loose painting style,intricate detail,octane render,8K,volumetric lighting"
"a woman Standing under a cascading waterfall feeling the cool droplets on her skin,Fiery hair,Blond,full shot,alberto seveso art,water ink,colorful cloud,loose painting style,intricate detail,octane render,8K,volumetric lighting"
"a fitness woman,Stacked Curls in Short Bob,Blond hair,birds-eye-view shot,alberto seveso art,water ink,colorful cloud,loose painting style,intricate detail,octane render,8K,volumetric lighting"
"Fish eye dynamic view,close-up of attractive female space marine in white latex pointing gun at camera,in the style of long exposure effect and motion blur,cinematic lightning,hyper-detailed"
"A mesmerizing charcoal sketch captures a dreamy and fantastical scene,where an elderly woman holds a photograph of her youth that covers half of her face. The contrast between her youthful and aged appearance highlights the passage of time,aging,and the power of memory. The dark fantasy atmosphere blends realism and surrealism,reflecting the journey of life while paying homage to artists like Rolf Armstrong,Frank Frazetta,Jeremy Mann,Carne Griffiths,and Robert Oxley. The intricate line art style and expressive lines create a poignant visual representation of the enduring personality despite physical changes,evoking a sense of reflection on life's journey.,dark fantasy,painting,conceptual art,illustration"
"ethereal fantasy concept art of black porche gt3 rs on a garage of a modern mansion,romanticism art,(landscape art stylized by Karol Bak:1.3),Paul Gauguin,Cyberpop,short lighting,F/1.8,extremely beautiful,oil painting of,. magnificent,celestial,ethereal,painterly,epic,majestic,magical,fantasy art,cover art,dreamy"
"Hyper-detailed oil on canvas masterpiece an intense ethereal birth of planet Earth in the midst of the galaxy; the borders to the dimensions rips and flash of gorgeous plasma sprays into the galaxy,surreal masterpiece by (salvadore dali, Stephen Youll, Patrice Murciano)"
"Hyper-detailed oil on canvas masterpiece an intense ethereal birth of planet Earth explode in the midst of the galaxy; the borders to the dimensions rips and flash of gorgeous plasma sprays into the galaxy,surreal masterpiece by (salvadore dali, Stephen Youll, Patrice Murciano)"
"A white tiger is diving below the watersurface down into the water,splash of water above the surface,bubles of air,final render"
"Venice mask,carnival,intricate colors,Artme,romanticism art,(landscape art stylized by Karol Bak:1.3),Paul Gauguin,Cyberpop,short lighting,F/1.8,extremely beautiful,oil painting of"
"Medium close-up watercolor painting,(Skateboarding lizard:1.4),Dynamic action,Bubble-blowing spectacle,(Colorful bubbles:1.3),Playful reptile,Vibrant skateboard,Whimsical charm,Urban setting,(Sunlit afternoon:1.3)"
"a gorgeous woman 30 years old,Sunset celestial cloudy sky,long curly fire-red hair,soft lite freckles,lying in the crystal clear water on the beach,blue eyes"
"a woman with sexy pose,Curly Frizzy Hair,Burgundy,Choosing the day's outfit based on weather and schedule,️profile,A labyrinth of limestone caves hides underground wonders,glowing energy tendrils snaking out and swirling around the shore"
"anime artwork comic Horror-style oil painting: A piece of coal catches fire on a BBQ,horrified and confused and screams furiously in despair when coal realizes that it is beginning to burn. He is on a coal,he burns and feels fear and horror. The background is empty,dark and blurry. A masterpiece of small details. The art of pop surrealism. . graphic illustration, comic art, graphic novel art, vibrant, highly detailed . anime style, key visual, vibrant, studio anime, highly detailed"
"the tea cup on table,inside swirl splashes waves,close-up,masterpeace,fluid,flora,muted colors,pearl,gold,luxurious,extremely detailed"
"My man was kinda the best ghost,He gifted me a new rap book that's prob'ly a Death Note"
"a sportscar passing by,light speed,flash,motion trail,a shining star(sun) in the background,motion blur,epic visual effects,interstellar,flow,detailed,scifi,star blast,dark vibrant colors,cosmic art,lens flare,god rays,colorful reflect"
"coomplex illustration of a mighty tiger in the jungle very fast running to the viewer,trees and flower,in a massive cloud of dust,agression,anger,hyperrealistic scene,heavy rain,detailed focus,art by Aaron Jasinski,epic fantasy scene,vivid colors,Enchanted Masterpiece,Fantasycore,Award-Winning,Masterpiece,contrast,faded"
"detailed photos of something humanoid made entirely of otherworldly luminescent and translucent liquid materials,on night jungle river,you can see all the inside of his body,supranatural style,realistic style,infinite ultra high definition image quality and rendering,infinite image detail,infinite realistic render,infinite realistic RTX global illumination,infinite special effect"
"a volumetric splash in a shape of a woman contour,Watercolor painting Vibrant beautiful painterly detailed textural artistic"
"In the pot on the stove,there is a miniature storm and a lighthouse. The soup is boiling and surging,like a storm,showing the magnificent and miniature world in the pot"
"style by Louis Valtat,style by Craig Mullins,style by Tomasz Alen Kopera,style by Bill Jacklin"
"style by Aaron Horkey,style by Peter Sedgley,style by Joram Roukes,style by Bill Jacklin"
"style by Aaron Horkey,style by Sven Nordqvist,style by John Buscema,style by Elliott Erwitt"
"style by Arthur Rackham,style by Darek Zabrocki,style by Laurie Greasley,style by Alfred Cheney Johnston"
"Hyperrealistic train detailed with blooming flowers,ethereal cloud animals with shimmering outlines,passengers gazing in awe,vast sky with swirling galaxies,cosmic colors (purples, blues, pinks),dramatic lighting,mystical atmosphere"
"angle from below,️glowing energy tendrils snaking out and swirling around the shore,️Film noir style Monochrome high contrast dramatic shadows 1940s style mysterious cinematic,style by Alexander Fedosav,soft light,epic Detailed illustration vibrant extremely hyper aesthetic,Kodak portra 800,Sunlight"
"RAW Photography,angry screaming Swamp Thing,(sharpness in detail:1.1),Canon EOS 5D Mark IV,masterpiece,35mm photograph,(iconic photograph:1.4),(visual storytelling:1.2),film grain,award winning photography,vibrant use of light and shadow,vivid colors,high quality textures of materials,volumetric textures perfect composition,dynamic play of light,rich colors,epic shot,perfectly quality,natural textures,high detail,high sharpness,high clarity,detailed,photoshadow,intricate details,8k"
"RAW Photography,Elon Musk with helmet standing in (cannabis plantation:1.1) on Mars planet,(sharpness in detail:1.1),Canon EOS 5D Mark IV,masterpiece,35mm photograph,(iconic photograph:1.4),(visual storytelling:1.2),film grain,award winning photography,vibrant use of light and shadow,vivid colors,high quality textures of materials,volumetric textures perfect composition,dynamic play of light,rich colors,epic shot,perfectly quality,natural textures,high detail,high sharpness,high clarity,detailed,photoshadow,intricate details,8k"
"RAW Photography,Machinarium,fantasy,beautiful,(sharpness in detail:1.1),Canon EOS 5D Mark IV,masterpiece,35mm photograph,(iconic photograph:1.4),(visual storytelling:1.2),film grain,award winning photography,vibrant use of light and shadow,vivid colors,high quality textures of materials,volumetric textures perfect composition,dynamic play of light,rich colors,epic shot,perfectly quality,natural textures,high detail,high sharpness,high clarity,detailed,photoshadow,intricate details,8k"
"RAW Photography,alien humanoid,photo of a futuristic artificial intelligence superstar with frames made of detailed circuits. artificial brain. marvel studios . creative character design for cyberpunk,red fiery lovecraftian tentacles,(sharpness in detail:1.1),Canon EOS 5D Mark IV,masterpiece,35mm photograph,(iconic photograph:1.4),(visual storytelling:1.2),film grain,award winning photography,vibrant use of light and shadow,vivid colors,high quality textures of materials,volumetric textures perfect composition,dynamic play of light,rich colors,epic shot,perfectly quality,natural textures,high detail,high sharpness,high clarity,detailed,photoshadow,intricate details,8k"
"A dazzlingly shimmering sonic symbiote radiates bioluminescent hues,embodying a captivating blend of enchantment and vibrancy its luminescent tendrils pulsate with vivid colors,while its ethereal form undulates gracefully. by alex1shved This mesmerizing subject,showcased in an impeccably detailed photograph,captures the symbiote's otherworldly beauty and its harmonious connection to soundwaves. The image portrays a breathtaking kaleidoscope of colors,highlighting the symbiote's iridescent splendor against a contrasting dark backdrop. Each intricate detail is impeccably captured,immersing viewers in the symbiote's enchanting aura. The impeccable image quality beautifully accentuates the symbiote's awe-inspiring presence,transforming it into a captivating visual masterpiece. by alex1shved"
"4-year-old boy,with a huge old and rusty robot,hugging. Dark fading room,dim light,dust,cobwebs,rust,hyperrealistic,maximum detail,4k"
"Beautiful award winning 1950s simple flat 3D art editorial infographics of a moon base,pale colors,perfect focus,neutral white background,epic angle,epic composition,hyper maximalist"
"Humorous drawing,Recruit soldier,Decrepit old man with a big nose in a helmet,vintage pencil painting full of detail,watercolor,artstation,intricate details,high detail,inspiration,authors: Henry Asencio,Craig Davison,Jenny Saville,Bernie Wrightson"
"A modular synthesizer in the dark wood and some strange creatures gather in that place. A god with a fish head is playing it,and a coworker of the god with a typewriter head is reading a book of spells"
"a baby boy sitting on top of a cat,riding the cat into battle. the cat is wearing armor and running,professional photo"
"a Greek marble statues sitting in a very crowded subway train during rush hour,commuting,confused expressions. exquisite details,photo taken on Hasselblad,creative photoshoot,unreal render 8k"
"A dazzlingly shimmering sonic symbiote radiates bioluminescent hues,embodying tranquil peace and serenity its luminescent tendrils pulsate with vivid colors,while its ethereal form undulates gracefully. by NatGeoPhotographer This mesmerizing subject,showcased in an impeccably detailed photograph,captures the symbiote's otherworldly beauty and its harmonious connection to soundwaves. The image portrays a breathtaking kaleidoscope of colors,highlighting the symbiote's iridescent splendor against a contrasting dark backdrop. Each intricate detail is impeccably captured,immersing viewers in the symbiote's enchanting aura. The impeccable image quality beautifully accentuates the symbiote's awe-inspiring presence,transforming it into a captivating visual masterpiece. by NatGeoPhotographer,floating city in the sky. The symbiote also emits a soft glow,reminiscent of bioluminescent plankton"
