"a sci-fi sportscar passing by,light speed,flash,motion trail,a shining star(sun) in the background,motion blur,epic visual effects,interstellar,flow,detailed,scifi,star blast,dark vibrant colors,cosmic art,stars in background,cinematic scene,lens flare,god rays,glow,art of Doug Chiang and John Park,glowneon,glowing,sparks,lightning,ultra detailed,dramatic lighting,"
"3D_Playground, SETTING_POSTER, Cartoon Pixel Miniature City Streets,Zongzi, Traditional Chinese style, fog, Chinese food, food photography, egg yolk, meat filling, bamboo background,3D rendering ray tracing,"
"(8K, Best Quality, Masterpiece: 1.5), chunks of fresh meat floating in the ocean, waves formed by the texture of the meat create a pattern in the ocean, a small boat drifting on the sea. Inspired by Cornelis Anthonisz, created by Yang Borun, composed by Vincent Callebaut, beautiful digital artwork, CG art, Vincent Callebaut, inspired by Jacek Yerka, background artwork, mysterious tableau, interweaving motifs, depth of field, layered composition, dreamlike surroundings, three-dimensional models, borderless, full-length shot, 3D rendering, bright colors, high saturation, blending, cinematic lighting, volumetric lighting, full-length shot, ray tracing, super sharp focus, award-winning, artistic masterpiece, official art, three-dimensional, super rich, ultra-detailed, hyper-realistic, ultra-high definition, ultra-low noise, IMAX, highest quality, high saturation color, distinct hierarchy, brightly colored, super rich in detail, super resolution, ray tracing,"
"3D icon,Amethyst,solo,(placed on pure white background:1.3),light and shadow,natural lighting,close-up,depth of field,minimalism,high quality,high detail,"
"Ethereal Blue icon,many details, octane render, transparent glass texture,frosted glass, transparent technology sense,"
"fluffy,3D icon,Sapphire ,solo,(placed on pure white background:1.3),light and shadow,natural lighting,close-up,depth of field,minimalism,high quality,high detail,"
"Bamboo icon,many details, octane render, transparent glass texture,frosted glass, transparent technology sense,"
"Anime style,women and flower photography,exquisite faces,abstract,solid background color,light blue gradient,low saturation,transparent characters,high-definition,creative photography,aesthetic enhancement,"
"Minimalist spectrum art illustrations,posters,magazine covers,flyers,poster art,sports minimalist style,blurry form,feminine beauty,combination of light red and light black,black background,close-up,pure flat illustrations,"
"Ancient Chinese Beauty,wearing Hanfu,standing by one enormous lotus leave with intricate patterns,median transparent/translucent lotus leave,soft glow,in the style of Albert Watson,minimalism,light emerald and white,simple white background,surrealist,feminine sensibilities,sunlight,monkren,graphic,"
"Happy Stationery Icon Set,Showcasing Pencil,Globe,Books,Stationery Box,Backpack Water Bottle,Hat,Ruler,Compass,Course Schedule,Computer,Female Sticker Art Style White Background,Victor Adame Mingus,Capturing Moments,Cold Wave,Marano Art,"
"chinese buddha,Masterpiece, best quality, character design, three views, front view, side view, back view, chibi, cute, simple background,"
"Guanyin Bodhisattva,Masterpiece, best quality, character design, three views, front view, side view, back view, chibi, cute, simple background,"
"Masonic Lodge,black and white lines,complex structural components,annotations,design drawings,horizontal lines,detailed parameter information,designer composition,white background,hand drawn sketch,3D three-dimensional feeling,"
"Future vehicles overhead shot,black and white lines,complex structural components,annotations,design drawings,horizontal lines,detailed parameter information,designer composition,white background,hand drawn sketch,3D three-dimensional feeling,"
"Micro photography,miniature models,family sitting on a cute camping car with backpacks,tents,fantasy landscape style,macro art,micro core,highly creative images,micro creative photography,color animated stills,grocery store art,camping,minimalist characters,cute little people,advertising posters,"
"no humans,ultra detailed,detailed background,A cat made of Bread, fantasy,"
"3D_Playground, SETTING_POSTER, Cartoon Pixel Miniature City Streets,in bag,huge Electronic products,  huge gaming machines on building,big  LCD TVs in the sky, 3D rendering ray tracing,"
"AiARTiST, PRODUCT_FOOD, SETTING_POSTER,   cup milk tea,fruits Milkshake,blue sky forest, studio light,Leaves,Cartoon Squirrel, Surrealism, Expressionism,butterfly,"
"3D_Playground, SETTING_POSTER, Chinese scenario,pink,Courtyard arch bridge lake Lotus, cloud pattern, C4D 3D rendering, Day scene,"
"Magician Cat Flash,"
"CADS,SETTING_POSTER,SETTING_effects,can,Poster,flowing,pink,sprinkle,dynamic and colorful,flower,gradient,shiny,phantom,still life,no humans,magazine cover,Graphic design,no text,"
"CADS,PRODUCT_PHOTOGRAPHY,PRODUCT_FOOD,food commercial poster,a lot of tangerine,no humans,water drop,water,water splashing,splashing,depth of field,blurry,yellow background, masterpiece,best quality,"
"CADS,realistic,PRODUCT_BOTTLE,SETTING_effects,SETTING_POSTER,bottle,alcohol,no humans,simple background,red background,"
"a machine placed on the kitchen tabletop,"
"cinematic photo, cpbg, inside the rock cave, close-up of a bottle of beer, ice cubes, rocks, backlight effect, caustics,"
"bags with goatskin patchwork design,product photography,"
"AIGCExperience, Playing guitar, One man one baby, asian, Warm indoor environment, Happy Experience Scene,"
"AIGCExperience, focus on one girl, asian,close up,Playing guitar, warm studio environment, jumping Scene,studio light,Depth of field, cinematic,open mouth,"
"masterpiece,4k,hdr,highres,realistic,((a hummingbird)),Hyperdetailed Eyes,Tee-Shirt Design,Line Art,Black Background,Ultra Detailed Artistic,Detailed Gorgeous Face,Natural Skin,Water Splash,Colour Splash Art,Fire and Ice,Splatter,Black Ink,Liquid Melting,Dreamy,Glowing,Glamour,Glimmer,Shadows,Oil On Canvas,Brush Strokes,Smooth,Ultra High Definition,8k,Unreal Engine 5,Ultra Sharp Focus,Intricate Artwork Masterpiece,Ominous,Golden Ratio,Highly Detailed,Vibrant,Production Cinematic Character Render,Ultra High Quality Model,"
"(chinese dragon), (riding an electric bike),"
"scenery, lantern, watercraft, boat, multiple boys, paper lantern, multiple girls, tree, architecture, plant, outdoors, water, building, east asian architecture, 6+boys, potted plant, sign, people, city, standing,"
"A lovely little china girl holding rice, (main body), the rural landscape shows the natural landscape, there are many farmers working hard in the fields (scenes), the little girl wearing a straw hat, laughing happily, the wind blowing wheat fragrance in the fields (details),CG animation style, color and line combination (style), natural scenery and shadow effect (light and shadow),3D rendering shows the realism of details (rendering),"
"CADS,SETTING_POSTER,SETTING_effects,A bottle of ""pear blossom "" in the style of French brand Christian Dior,on a green background with white lilies and yellow pears around the product,in a minimalist style,product photography with high resolution,high quality,"
"CADS,PRODUCT_PHOTOGRAPHY,PRODUCT_FOOD,SETTING_character,chinese,multiple girls,2girls,smile,milk carton,grin,food,brown hair,drinking straw,fruit,black hair,teeth,"
"minimalism,Japanese Zen aesthetics,abstractionism,(expressionism:1.2),(oil painting:1.3),(Georgy Kuraso:1.4),(strokes:1.2),Cubism,32k,oo crowded villagers walking and caravans on wet dark ground,they migrate,highly detailed,art by greg rutkowski,"
"Future Science Fiction,Universe,realistic,sky,night view,there is a light in the distance,there is a strong light in the sky,damaged,sunset,traditional media,vehicle focus,high definition picture,boat,air bubble,fantasy,1 girl,"
"Lushan Mountain,Sea of Clouds,Buddha,Mountain,Waterfall,Ultra HD,Ultra Superfine Festival,8K,Boutique,Abstract,"
"book_store, artist name, english text, abstract painting, from front, party,wolf,red and blue,desert,planet,a man,from behind,garden,gaint,big sky,"
"building, art by Hubert Robert, architecture of a Garage, hillside, Arcane hue, idyllic,"
"The sun, a group of mountains, a valley, a river, a Chinese pavilion in the distance, a small fishing boat, a blue-green shadow, a lot of birds,"
"rice in a white bowl,"
"Building,city,prospective,ink painting,many trees near,bus lane(elevated),Shahe,behind mountain,road,street,outdoors,scenery,stairs,rivers,"
"ArtComposition,ArtComposition, Poster,surreal,design,creative pictures,starry sky,universe,nebula,observatory,pupil,armillary sphere,astrolabe,seismograph,astronomical telescope, star map, map, sun, earth, moon, eclipse, north and south poles, longitude and latitude, globe, old map, tai chi, gossip, star map, time,ancient magician,ancient Chinese man,******,dragon, monochrome,city,scale,building,signature,cloud,cloudy sky,fantasy,lantern,complex,bird,chain ring,gradient background,long hair,mountain horizon,no people,tower,tree,surreal details, caustics,Chinese text,creative, East, pictures, surreal,bird cloud, fog, glowing ball,gradual change,gray sky,gray theme,halo,horizon landscape,light,lightning,mask,monster,moon,mountain,official artistic creative pictures,Official Style 1] Orange Background,Orange Theme,Outdoor,Painting \ (Medium \),Planets,Clock,Realism,Rock,Sky,Spikes,Splash 1] Dot Color, Destiny String of, "
"em,canyon,river,dusk,wild animals,trees,grassland,red hut,autumn,"
"best quality,masterpiece,HDR,UHD,8K,absurdres,ultra-fine painting,Highly detailed,physically-based rendering,Vivid Colors,Professional,cinematic_lighting,ambient_light,moody lighting,chinese style architecture,the west street,attic,the red lantern,chinese architecture,bright red,the 10 or 20 days following lunar new year's day,year,red long upper shan,guchen,dragon,scenery,red theme,eastern dragon,no humans,tree,building,pagoda,full moon,cloud,orange theme,moody lighting,sunset,mist,red pavilion,high perspective,looking from top to bottom,footstep,dry brick flooring,moire,square pattern,pedestrian,hawker,eating,wall,chang'an street,a city without darkness,(sense of future:1.5),landscape,ecoco,solar punk,"
"A plate of green vegetable hearts, green,fried vegetables,"
"campus, street, Human visual angle, building , tree,((masterpiece)), (cyberpunk1.3),high las ((best quality:1.4)),(ultra-high resolution:1.2),(realistic:1.4),(8k:1.2),nsanely detailed,buildings,architecture,interior light,landscape, art artarchitecture,"
"minimalism,Japanese Zen aesthetics,abstractionism,(expressionism:1.2),(oil painting:1.3),(Georgy Kuraso:1.4),(strokes:1.2),Cubism,32k,oo crowded villagers walking and caravans on wet dark ground,they migrate,highly detailed,art by greg rutkowski,"
"ArtComposition,Poster,Surreal,design,creative picture,building,official art,scenery,cityscape,details,monochrome,city,greyscale,album cover,architecture,signature,traditional media,bridge,cable,car,cloud,cloudy sky,fantasy,grey background,lantern,power lines,road,smoke,street,Complex,balloon,bird,chain-link,english text,gradient ackground,house,lens flare,long hair,mountainous horizon,no humans,tower,tree,1boy,Surreal details,absurdly,aircraft,arch,armor,bamboo hat man,banner,black hair,black pants,blue theme,boots,broke mask,broken,bubble,castle,caustics,chinese text,city lights,cityscape clock tower,clock ower,coat,cover,creative picture Surreal,crosswalk,cubismbird,cyberpunk,day,dripping,dust,dust cloud,east asian architecture,fence circle,flare,floating island,flying,focus head,fog,geometry lines,geometry tower,gloves,glowing ball,gradient,grey sky,grey theme,ground vehicle,halo,hat,helmet,horizon landscape,lens,light rays,lightning,logo,long hai,mask,monster,moon,mountain,newspaper,official art creative picture,official style 1]orange background,orange theme,outdoors,painting \(medium\),planet,bell,realistic,rocks,siheyuan,sky,skyscraper,smoking,spikes,splashing 1]spot color,square,stairs,statue,steam,string of fate,topview,town,"
"Colorful Chinese Paintings,Exquisite work,masterpiece,master composition,ultra highres,ink painting,chinese painting,National tide landscape painting,"
"xueliang,guohuashanshui,no humans,outdoors,mountain,scenery,building,tree,traditional media,cloud,sky,cloud,scenery,outdoors,mountain,sky,traditional media,water,cloudy sky,landscape,building,"
"large landscape Photography,a large spaceship sailing in space around a frozen planet is attacked by enemy rockets,80 degree view,art by Sergio Lopez,Natalie Shau,James Jean and Salvador Dali,"
"Ultra Detail,8K,Film Photography,Ultra high definition,realistic,very real,black background,film grade light and shadow,light and shadow photography works,award winning works,"
"minimalism,Japanese Zen aesthetics,abstractionism,(expressionism:1.2),(oil painting:1.3),(Georgy Kuraso:1.4),(strokes:1.2),Cubism,A raft was drifting in the rough sea,they migrate,highly detailed,art by greg rutkowski,"
"Cover,typography,text,lines,simple picture,(white:2),black background,dark,black,color,"
"A female elementary school student in a sci-fi and futuristic world of the city, Hayao Miyazaki style, manga, 2d, colorful.raincoat,pop style,glowing,"
"liveroom,picture frame,white wall,gray floor, scenery,"
"tutututu,breasts,asian girl,chinese cute,medium breasts,see-through,underwear,lingerie,skirt,(masterpiece, top quality, best quality, official art, beautiful and aesthetic:1.3),(1girl:1.3),extreme detailed,colorful,highest detailed,((ultra-detailed)),(highly detailed CG illustration),((an extremely delicate and beautiful)),cinematic light,((1mechanical girl)),solo,full body,(steampunk),(machine made joints:1.2),(mechanical limbs),(blood vessels connected to tubes),((mechanical cervial attaching to neck)),(sitting),expressionless,wires and cables attaching to neck,wires and cables on head,science fiction,mechanical city,active pose,"
"ArtComposition strengthening composition, Water World, Meg Shark, Steampunk,"
"Black Pepper Steak Product Physical Steak Food Photography Western Food Preparation Steak Black Pepper Steak Black Plate,"
"In the Jiangnan water village,there are a row of Jiangnan style buildings on both sides of the river,the trees are reflected on the water,a boat is floating on the water,the sun shines through the trees on the water,mountains in the distance,Jiangnan Water Town,Jiangnan style architecture,trees,Bridges,rivers,reflections,(wood_boats:1.2),(red_trees:1.2),blue sky,Sunlight,sunlight through the trees,(mist:1.2),best quality,ultra_detailed,masterpiece,highres,8k,movie light,movie lens,photorealistic,realistic,photograph,(Tyndall effect:1.2),"
"ArtComposition,ArtComposition, Poster,surreal,design,creative pictures,starry sky,universe,nebula,observatory,pupil,armillary sphere,astrolabe,seismograph,astronomical telescope, star map, map, sun, earth, moon, eclipse, north and south poles, longitude and latitude, globe, old map, tai chi, gossip, star map, time,ancient magician,ancient Chinese man,******,dragon, monochrome,city,gray scale,building,signature,cloud,cloudy sky,fantasy,lantern,complex,bird,chain ring,gradient background,long hair,mountain horizon,no people,tower,tree,surreal details, caustics,Chinese text,creative, East, pictures, surreal,bird cloud, fog, glowing ball,gradual change,gray sky,gray theme,halo,horizon landscape,light,lightning,mask,monster,moon,mountain,official artistic creative pictures,Official Style 1] Orange Background,Orange Theme,Outdoor,Painting \ (Medium \),Planets,Clock,Realism,Rock,Sky,Spikes,Splash 1] Dot Color, Destiny String of, "
"minimalism,Japanese Zen aesthetics,abstractionism,(expressionism:1.2),(oil painting:1.3),(Georgy Kuraso:1.4),(strokes:1.2),Cubism,32k,oo crowded villagers walking and caravans on wet dark ground,they migrate,highly detailed,art by greg rutkowski,"
"ArtComposition strengthening composition,"
"ArtComposition,glowing ball,gradient,gradient background,grey background,halo,lens,flare,design,Poster,Surreal,official art,"
"CADS,PRODUCT_PHOTOGRAPHY,PRODUCT,commercial poster,Deconstruction of miniature, collapse, fine, 4k, mobile phone products, poster, city background, broken style, deep sea,"
"doodle style,an illustration of an art area with paints and brushes on the plate,in the style of light orange and dark emerald, simplified line work, angelcore, hallyu, junglepunk, pop kei, daz3d,"
"pop art,minimalism,Japanese Zen aesthetics,abstractionism,(expressionism:1.2),(oil painting:1.3),(Georgy Kuraso:1.4),(strokes:1.2),Cubism,32k, an exhibition hall, tire exhibition hall,they migrate,highly detailed,art by greg rutkowski, tyres,(8k, Best quality, Masterpiece),(magazine cover:1.2),Super Detail,Petal,forest,Firefly,Particles,Poster,design,3D art,A nice composition,Surreal,OC render,Complex,details,Ray tracing,Depth of field,Beautiful creative picture,(exquisite text layout:1.2),(large theme text:1.5),haibao,(masterpiece, top quality, best quality, official art, beautiful and aesthetic:1.2),smwl,"
"BitingChina, chinese food, food focus, realistic, food, vegetable, spoon, still life, black background, no humans, egg, simple background, bowl,"
"BitingChina, realistic, food focus, no humans, food, blurry, ice, still life, ice cube, depth of field, glass,"
"Wall mural style with gold-colored paint,Scenery of the water towns,Huizhou-style architecture,trees,houses,mountains,moon,clouds,moonlight,river,reflection,arch bridge,steps,pavilion,moss,rocks,sky,cloud,fog,"
"ArtComposition,ArtComposition, Poster,surreal,design,creative pictures,starry sky,universe,nebula,observatory,pupil,armillary sphere,astrolabe,seismograph,astronomical telescope, star map, map, sun, earth, moon, eclipse, north and south poles, longitude and latitude, globe, old map, tai chi, gossip, star map, time,ancient magician,ancient Chinese man,******,dragon, monochrome,city,gray scale,building,signature,cloud,cloudy sky,fantasy,lantern,complex,bird,chain ring,gradient background,long hair,mountain horizon,no people,tower,tree,surreal details, caustics,Chinese text,creative, East, pictures, surreal,bird cloud, fog, glowing ball,gradual change,gray sky,gray theme,halo,horizon landscape,light,lightning,mask,monster,moon,mountain,official artistic creative pictures,Official Style 1] Orange Background,Orange Theme,Outdoor,Painting \ (Medium \),Planets,Clock,Realism,Rock,Sky,Spikes,Splash 1] Dot Color, Destiny String of, "
"city, building, cityscape, scenery, skyscraper, architecture, sky, tokyo_\(city\), east_asian_architecture, outdoors, street, tower, real_world_location, day, road,"
"a picture of a drink with a straw and a straw in it,cover of a magazine,"
"(8k, Best quality, Masterpiece),(magazine cover:1.2),Super Detail,Petal,forest,Firefly,Particles,Poster,design,3D art,A nice composition.,Surreal,OC render,Complex,details,Ray tracing,Depth of field,Beautiful creative picture,(exquisite text layout:1.2),(large theme text:1.5),haibao,(masterpiece, top quality, best quality, official art, beautiful and aesthetic:1.2),"
"Jewellerygold, no humans, still life, gold, Gold jewelry, Gold pendant with hieroglyph pattern,ArtComposition,cyberpunk,absurdly,long hai,r  bell,bird,Surreal,creative picture,design,details,Poster,official art,(masterpiece, best quality, high resolution),white hands emerging from a singularity,sleeping face,many hands,vortex,intricate detail,8k,hdr,"
"SYminiature photography, the image showcases a surreal and vibrant landscape that appears to be a cascading waterfall made of various fruits and vegetables. the waterfall flows through a lush green forest, surrounded by trees and plants. the waterfall is made up of items like oranges, tomatoes, broccoli, and other fresh produce. the entire scene is bathed in a soft, ethereal light, giving it a dreamy and magical ambiance,"
"SYminiature photography,the image showcases a miniature scene set in a quaint village. dominating the foreground is a large,The image shows a miniature scene in a quaint village, Occupying the foreground is a giant eggplant,there are detailed miniature houses with distinct architectural features,looking up at the eggplant. the entire scene is set against a backdrop of a clear sky,"
"SY Food Photography,a huge detailed hamburger placed on a rocky terrain surrounded by various miniature elements. the hamburger is filled with lettuce,tomatoes,and cheese,and it has sesame seeds on its bun. to the right of the hamburger,there's a miniature figure of a person,possibly a hiker,with a backpack,Standing and looking at the burger. The background is filled with various miniature foods,including trees,plants,and other food items,creating a whimsical and imaginative scene.,SY Miniature Photography,"
"cinematic photo At the foot of the mountain a science fiction building floats in the sky,surrounded by a circle of clouds,and the crystal glass reflects green light,Close-up: Architecture,depth of field game CG,fantasy,cinematic scenes,cinematic shots,cinematic lighting,volumetric lighting,professional color grading,epic film,Rembrandt lighting,extreme detail,Movie stills,movie posters,(no humans) ultra-detailed,highly detailed,hyper-detailed,realistic,ultra-realistic,hyperrealistic,HD,IMAX,8K resolutions,ultra resolutions,sharp focus,magnificent,best quality,masterpiece,Beautiful white lines,. 35mm photograph,film,bokeh,professional,4k,highly detailed,"
"cinematic photo At the foot of the mountain a science fiction building floats in the sky,surrounded by a circle of clouds,and the crystal glass reflects green light,Close-up: Architecture,depth of field game CG,fantasy,cinematic scenes,cinematic shots,cinematic lighting,volumetric lighting,professional color grading,epic film,Rembrandt lighting,extreme detail,Movie stills,movie posters,(no humans) ultra-detailed,highly detailed,hyper-detailed,realistic,ultra-realistic,hyperrealistic,HD,IMAX,8K resolutions,ultra resolutions,sharp focus,magnificent,best quality,masterpiece,Beautiful white lines,. 35mm photograph,film,bokeh,professional,4k,highly detailed,"
"An epic and powerful wide shot of a group of elite soldiers in action, reminiscent of the style of director Ridley Scott. The color temperature is warm, with a golden hue to symbolize bravery and sacrifice. The lighting is natural yet dramatic, casting long shadows and creating a sense of depth and intensity,"
"soft light,"
"Low light photography,a masterpiece of masters,light particles,sparkle view,(riverside:0.8),night,a butterfly on peony,Pollen dancing,Focus on the stamen,Bokeh,best quality,masterpiece,extreme details,no humans, water drop, watermark,National Geographic Magazine Style,High definition, ultra-high resolution, macro photography,Contour, fluffy light,fire,Flames cover wings,"
"Photorealistic Rendering, Ultra macro Pizza and Cheese droplets under sunlight exposure, Low viewing angle,3D, Rendering, Materials, studio lighting,c4d,bright colors,3d rendering ray tracing,highly detailed,ultra-high resolutions,32K UHD,best quality,masterpiece,"
"Dragon Boat Festival,simple illustration,little people rowing a dragon boat through (zongzi mountains),miniatures,porters,games,fantasy landscape style,macro art,miniature cores,highly creative images,miniature creative photography,colorful animated stills,grocery art,minimalist figures,kawaii punk,advertising posters mountains,roads made of flour,miniatures,porters,games,fantasy landscape style,macro art,miniature cores,highly creative images,miniature creative photography,colorful animated stills,grocery art,minimalist figures,kawaii punk,advertising posters,"
"hzcj,product photography,A perfume is placed on the white table,highlighting the product,The overall light colour palette,full of intricate details,the realistic,Product perspective,Minimalism,in a soft and dreamy atmosphere,sunlit,neo-Georgian minimalism,beige and amber,tabletop photography,layered gestures,minimalist Japanese style,8K,"
"(top view:1.1),masterpiece,best quality,(embroidery:1.2),close-up,realistic textures,flower,heavy and complicated,mountain,clouds,in spring,no one,exquisite problem,"
"Velvet,3D icon,solo,(placed on pure white background:1.3),light and shadow,natural lighting,close-up,depth of field,minimalism,high quality,high detail,"
"Action Painting,style of Jackson Pollock,(by Jackson Pollock:1.2),Oil painting,artwork,"
"Landscape oil painting, Klimt style,"
"ultra realistic 8k cg, flawless, clean, masterpiece, professional artwork, famous artwork, cinematic lighting, cinematic bloom, abstract and colorful paint style, background focus,painted world, colorful splashes, deep space, cosmic, (((limitless desolation))),award-winning mixed-reality surrealism artwork, super wide shot from the right, surreal af kitty background, 8K,"
"Photorealistic Rendering, Ultra macro Vegetables Fish meat Sausage and water droplets under sunlight exposure, Low viewing angle,3D, Rendering, Materials, studio lighting,c4d,bright colors,3d rendering ray tracing,highly detailed,ultra-high resolutions,32K UHD,best quality,masterpiece,"
"3D_Playground, SETTING_POSTER, Cartoon Pixel Miniature City Streets,Zongzi, cute Small animals made from rice composed of glutinous rice,wrapped in zongzi leaves,Traditional Chinese style, fog, Chinese food, food photography, egg yolk, meat filling, bamboo background,3D rendering ray tracing,"
"fluffy,3D icon,Sapphire ,solo,(placed on pure white background:1.3),light and shadow,natural lighting,close-up,depth of field,minimalism,high quality,high detail,"
"Ethereal Blue  icon,many details, octane render, transparent glass texture,frosted glass, transparent technology sense,"
"Bamboo icon,many details, octane render, transparent glass texture,frosted glass, transparent technology sense,"
"SY Food Photography,a huge detailed hamburger placed on a rocky terrain surrounded by various miniature elements. the hamburger is filled with lettuce,tomatoes,and cheese,and it has sesame seeds on its bun. to the right of the hamburger,there's a miniature figure of a person,possibly a hiker,with a backpack,Standing and looking at the burger. The background is filled with various miniature foods,including trees,plants,and other food items,creating a whimsical and imaginative scene.,SY Miniature Photography,"
"Cartoon Pixel Miniature City,Lego world,There is a McDonald's restaurant with a yellow sign on the side of the road. There is a burger at the door. People are entering and leaving the restaurant. A Lamborghini is parked on the side of the road,c4d,bright colors,3d rendering ray tracing,highly detailed,ultra-high resolutions,32K UHD,best quality,masterpiece,"
"Photorealistic Rendering, Ultra macro Watermelon and water droplets under sunlight exposure, Low viewing angle,3D, Rendering, Materials, studio lighting,c4d,bright colors,3d rendering ray tracing,highly detailed,ultra-high resolutions,32K UHD,best quality,masterpiece,"
"Photorealistic Rendering, Ultra macro Vegetables Fish meaSausage and water droplets under sunlight exposure, Low viewing angle,3D, Rendering, Materials, studio lighting,c4d,bright colors,3d rendering ray tracing,highly detailed,ultra-high resolutions,32K UHD,best quality,masterpiece,"
"Photorealistic Rendering, Ultra macro Grapes and water droplets under sunlight exposure, Low viewing angle,3D, Rendering, Materials, studio lighting,c4d,bright colors,3d rendering ray tracing,highly detailed,ultra-high resolutions,32K UHD,best quality,masterpiece,"
"Photorealistic Rendering, Ultra macro Watermelon and water droplets under sunlight exposure, Low viewing angle,3D, Rendering, Materials, studio lighting,c4d,bright colors,3d rendering ray tracing,highly detailed,ultra-high resolutions,32K UHD,best quality,masterpiece,"
"fluffy,3D icon,Amethyst,solo,(placed on pure white background:1.3),light and shadow,natural lighting,close-up,depth of field,minimalism,high quality,high detail,"
"cat focus,Fluid, Abstract, Art,style of Alberto Seveso,"
"There are no humans. On a table in the kitchen,there are hamburgers,French fries,and two drinks,juice,coffee,milk tea,bottled milk,canned beer,boxed drinks,three bowls of egg noodles,hot pot,and many cooked ingredients in the pot. There are teapots,(various seasoning cans),(bottled orange juice),small bowls of rice,hot pot side dishes,vegetables,vases,flowers,and fruit platters,with a style of anime art,as well as basil fruits,Colorful animated stills,bright colors,line style,healing children's tableware,children's illustrations,exquisite visuals,perfect composition,no one,"
"Photorealistic Rendering, Ultra macro Ice cream and Juice droplets under sunlight exposure, Low viewing angle,3D, Rendering, Materials, studio lighting,c4d,bright colors,3d rendering ray tracing,highly detailed,ultra-high resolutions,32K UHD,best quality,masterpiece,"
"Gourmet_pastries,purple features,food,food focus,still life,purple flower,blurry,realistic,flower,leaf,rice,simple background,shiny,from above,depth of field,blueberry,shadow,blurry background,fish,grapes,signature,"
"Photorealistic Rendering, Ultra macro Vegetables Chicken legs and water droplets under sunlight exposure, Low viewing angle,3D, Rendering, Materials, studio lighting,c4d,bright colors,3d rendering ray tracing,highly detailed,ultra-high resolutions,32K UHD,best quality,masterpiece,"
"Photorealistic Rendering, Ultra macro Strawberry  and water droplets under sunlight exposure, Low viewing angle,3D, Rendering, Materials, studio lighting,c4d,bright colors,3d rendering ray tracing,highly detailed,ultra-high resolutions,32K UHD,best quality,masterpiece,"
"Photorealistic Rendering, Ultra macro Cherry and water droplets under sunlight exposure, Low viewing angle,3D, Rendering, Materials, studio lighting,c4d,bright colors,3d rendering ray tracing,highly detailed,ultra-high resolutions,32K UHD,best quality,masterpiece,"
"Burnished leather 3d icon,many details, octane render, transparent glass texture,frosted glass, transparent technology sense,"
"cosmic, celestial, stars, galaxies, nebulas, planets, science fiction, highly detailed,"
"qimiaoertong,masterpiece,best quality,apple,summer,summer leaves,car,cloud,food,ground vehicle,leaf,motor vehicle,no humans,blue background,blue sky,blue slice,outdoors,sky,sunset,watermelon,tree,no human,3D art,C4D,OC rendering,surrealism,"
"fluffy,3D icon,Chartreuse,solo,(placed on pure white background:1.3),light and shadow,natural lighting,close-up,depth of field,minimalism,high quality,high detail,"
"Photorealistic Rendering, Ultra macro Vegetables and water droplets under sunlight exposure, Low viewing angle,3D, Rendering, Materials, studio lighting,c4d,bright colors,3d rendering ray tracing,highly detailed,ultra-high resolutions,32K UHD,best quality,masterpiece,"
"Photorealistic Rendering, Ultra macro Tomato and water droplets under sunlight exposure, Low viewing angle,3D, Rendering, Materials, studio lighting,c4d,bright colors,3d rendering ray tracing,highly detailed,ultra-high resolutions,32K UHD,best quality,masterpiece,"
"ArtComposition,a busy city street in the rain,view from aboveabstract,black and white,b&w,traffic,cars,people,(1 womancrossing the street at a crosswalk with a red umbrella:1.3)outstanding composition,"
"ArtComposition,a women face,glowing neon color,a purple cloud is over a beach and ocean at night with a bright light shining through the clouds,lightning effects from the cloud,clouds,"
"Sapphire  icon,many details, octane render, transparent glass texture,frosted glass, transparent technology sense,"
"food,fruit,strawberry,ice cream,sky,cream,outdoors,scenery,sunset,realistic,"
"sorbet,food,strawberry,no humans,fruit,food focus,one eye closed,blurry background,cup,dessert,whipped cream,cream,smile,pokemon (creature),blush stickers,ice cream,"
"sorbet,no humans,food focus,food,fruit,blurry,realistic,still life,blueberry,depth of field,blurry background,bowl,basket,dessert,leaf,"
"sorbet,realistic,no humans,water,melting,chocolate,still life,"
"AiARTiST MGPhotography,Holding a cup of coffee in one hand, the background is a workbench with a computer monitor, books, and green plants placed on it. The coffee cup has the brand name ""KIMBO"" written on it, and there is a layer of milk foam on the surface of the coffee. The workbench in the background is clean and orderly, and the computer monitor has the word ""DO MORE"" written on it. The overall color tone of the scene is warm,"
"A neat workbench, a white cup containing coffee,"
"A minimalist style watch with a black dial and gold time markers and hands. The case of the watch is gold, and the strap is black metal mesh. The watch was placed on several gray stones, surrounded by some white powder, creating a mysterious and elegant atmosphere, The background is pure black, which highlights the details of the watch and stone,"
"A bottle of cold brewed coffee, and several books and a piece of writing paper are scattered around the bottle,"
"AiARTiST MGPhotography,A bottle of cold brewed coffee, a flat transparent glass bottle with a black label that reads ""Morning Kicks Cold Brew"". The bottle contains brown coffee, and the entire scene is shrouded in darkness, with only the bottle and the liquid inside illuminated,"
"AiARTiST MGPhotography,coffee powder, with a measuring spoon with a spout next to it, containing some coffee powder. A dark brown tablecloth is laid on the table top,"
"AiARTiST MGPhotography,A black portable power bank, held in a person's hand, with a mobile phone and other items next to it. This power bank has a digital display screen that displays the current battery level, and the surrounding environment is dark, forming a contrast with the black power bank. The color tone of the image is darker, and the surface of the power bank looks smoother, while the human skin has a certain texture,"
"AiARTiST MGPhotography,A transparent glass pot with a dark brown coffee liquid inside. The lid of the glass pot is black and there is a small hole in the middle for pouring out the liquid. The handle of the pot is also black, which contrasts with the transparent glass pot body. The overall color tone of the picture is relatively dark. The glass pot is placed on a wooden surface, and there is a small bowl next to it containing coffee beans,"
"A neat workbench, a white cup containing coffee,"
"AiARTiST MGPhotography,A can of Costa coffee, with a background of a pile of gifts and Christmas decorations. The background is blurred into a warm yellow light, creating a warm festive atmosphere. The can itself is dark red, with Costa's brand name and logo , The color tone is warm and bright, and the texture is rich and diverse,It has a smooth can body, as well as various textures of packaging paper and decorations,"
"AiARTiST MGPhotography,one hand, a black dial and silver case on the wrist, a ring on the finger, and a cup of coffee on the table with a gray background, the overall atmosphere is peaceful and elegant,"
"Best quality,masterpiece,A minimalist style watch with a black dial and gold time markers and hands. The case of the watch is gold, and the strap is black metal mesh. The watch was placed on several gray stones, surrounded by some white powder, creating a mysterious and elegant atmosphere, The background is pure black, which highlights the details of the watch and stone,"
"AiARTiST MGPhotography,A modern work or entertainment space is placed on a wooden desk, , there is a microphone with a spray protector, a white neon light hanging on the wall, a green plant, and some decorations, The entire scene is illuminated by soft lighting,"
"AiARTiST MGPhotography,A watch with a black dial, gold hands, and bezel in one hand, with a black metal woven strap. The surrounding environment is very dark, only a tablecloth with black and white striped patterns, a glass container containing transparent liquid, and a photo frame with a black background and gold pattern can be seen nearby. The overall color tone is darker, with a texture that leans towards retro and mysterious,"
"AiARTiST MGPhotography,Black wireless Bluetooth earphones, with a metal headband and a matte finish on the surface, have a low-key texture. The earmuffs are **** of black leather material, which looks very comfortable, There are some buttons and interfaces on the earphones,"
"AiARTiST MGPhotography,Work or study scenarios,A computer monitor is placed on the table, displaying some color adjustment options on the screen, which may be an image editing software, On the right side of the monitor is a black speaker, and on the left side is a flower pot containing green plants, This flower pot is quite unique and is wrapped in a metal jar, On the far left side of the table, there is also a small succulent plant potted plant,"
