"(adult bimbo), instagram model,masterpiece,best quality,ultra-detailed,4k ,(upper body), royal hair style hair,Chestnut hair color"
"1boy,pov,breast,nsfw,uncensored,anime,illustration,beautiful,primrose azelhart,green eyes,hairband,off-shoulder shirt,necklace,bracelets,corneo_pov_oral ,((fellatio,deepthroat,irrumatio,head grab))"
"in a bubble bath ,(steam,bubbles:1.3), nsfw,pubic hair ,(medium sagging :1.2), wet skin,wet hair ,(beautiful mature,realistic:1.3), best quality,hdr ,(hyperdetailed:1.1),(dark long blond hair,braid:1.2)"
"medium ,(realistic mature :1.2), laying back,in bed,nsfw,undressing,ornate,elegant,traditional japanese kimono,floral pattern,hair tied up,sidelocks,slight smile,expressive eyes,beautiful perfect face(highly detailed,masterpiece,best quality), eager to have sex,nsfw"
"masterpiece,best quality ,(colorful),(finely detailed beautiful eyes and detailed face), cinematic lighting,bust shot,extremely detailed CG unity 8k wallpaper ,(colorful hair), solo,smile,naked ,(NSFW:1.4),((flying petal)),(Flowery meadow)sky,cloudy_sky,building,daytime ,(spring:1.3), beautiful scenary,light,fantasy,((large :1.3)), perfect slim body ,(abs:0.8),(dynamic angle), adult,mature,from below,underboob,armpits ,(light blue hair)"
"solo,lips,long eyelashes,SLE,mksks style,detailed background, blonde hair,blue eyes,looking at viewer,standing,full body,realistic,landscape,cherry blossoms,alternate dimension,mystical night,dreamy,blue theme,neon trim,cyberpunk,jacket,back alley,sitting,from side,against wall,knee up,small ,(:1.4), abandoned"
"(cheek bulge,fellatio,penis,1boy)(head tilt:1.2)from side dark green hair,red eyes out,medium,cum drips saliva,naked adult lips"
"Masterpiece:1.2,Nsfw,1 cat,1boy,erect penis,cow position,penis in ,(sex with man:1.4)sex pov,man pov,ahageo,sweaty,shiny smooth skin,flawless,detailed,8k,on bed,lamp,ornaments,royal"
"absurdres,ultra-detailed ,(highres,masterpiece,best quality:1.3),(extremely detailed background:1.3), extremely detailed eyes,extremely detailed face,cinematic lighting,gigantic,multicolored background,dancing crowd,crowded nightclub,neon lights,drinking straw,blonde hair,blush ,(beautiful mature), light rays ,((drunk)), dancing while drinking straw"
"(Best Quality,High Quality,Highres:1.4),(mature:1.4), Detailed,Extremely Detailed,4K,Detailed Face ,(Hyper-Detailed Eyes:1.2),(Ornate:1.2), intricate,big ,(Thick Thighs:1.2), wide hips ,(Solo:1.4), 1Girl,standing ,(elf,elf ears,eyeliner,jewelry,mascara,eyeliner,shy,makeup:1.2), nurse outfit,looking at viewer,choker ,(blushing:1.3),(light green eyes:1.2), blonde hair ,(high ponytail:1.3),(kitchen:1.3),(fully clothed:1.1), single hair intake,tall"
"((best quality)),((masterpiece)),(detailed), alluring succubus,ethereal beauty,perched on a cloud ,(fantasy illustration:1.3), enchanting gaze,captivating pose,delicate wings,otherworldly charm,mystical sky ,(Luis Royo:1.2),(Yoshitaka Amano:1.1), moonlit night,soft colors ,(detailed cloudscape:1.3),(high-resolution:1.2), akali,league of legends,rias_gremory,LARGE BREASTS,topless"
"masterpiece,best quality,highres,best shadow,best illumination,finely detail,1boy,yae miko,pink hair,huge,juice,penis,hourgl figure,thighhighs ,(sex), on bed,lying,on back,spread legs,from above ,((((trembling)))),((motion lines)), open mouth,looking at viewer,grabbing breast"
"nsfw,masterpiece,best quality,red eyes,white hair,hair bun,short hair,yellow skirt,black shirt,standing,full body,wide hips,small waist ,((flashing,lifting up skirt ,)), bare shoulders,night,high heels,stockings,bare arms,street,medium,bright eyes,soft lighting,embarred,blush BREAK solo looking at viewer 30years old adult"
"(Best Quality,High Quality,Highres:1.4), mature,Detailed,Extremely Detailed,4K,Detailed Face ,(Hyper-Detailed Eyes:1.2),(Ornate:1.2), intricate,big ,(Thick Thighs:1.2), wide hips ,(Solo:1.4), 1Girl,standing ,(elf,elf ears,eyeliner,jewelry,mascara,eyeliner,shy,makeup:1.2), bikini,looking at viewer,choker ,(blushing:1.3),(closed eyes:1.2), pink hair ,(side ponytail:1.3),(office:1.3),(fully clothed:1.1), sidelocks,tall"
"low-cut shoulder-less black lace lavish nightgown ,((seductive look)),((high side-slits)), gloomy blue atmosphere,short black hair,light skin,retroussé,narrow waist,wide hips ,(arched back), spread legs,spread knees,hands behind head,pelvic curtain,soft atmospheric lighting,beautiful cute,black choker ,(((,))), soft smile,bright eyes"
"A photo of emb-babs,as a beautiful sporty,blue eyes,beautiful iris ,((uper body only)), perfect flat belly,topless,nice perky breast with gentle erectile nippels,wet in sauna ,((wet hair sticky to the shoulder))and one braid,in sauna cabin with steam coming out the pot ,(looking at the camera),((invite you to join with one harm in your direction)), photoshoot style,seductive expression,8k HD,RAW,dslr,perfect features,flawless skin,skin pores,professional,masterpiece ,(photorealistic:1.4), detailed,intricate,high resolution,detailed background,epiCRealism,OverallDetail"
"(tanned)gorgeous,shy,smile,long messy hair ,(midriff), narrow waist,thick thighs,yoga,short shorts,sports bra,gym,mirrors,beautiful ,(masterpiece,best quality:1.1),(extremely detailed :10), dim lighting,natural lighting ,(photorealistic), RAW photo,perfect portrait,85mm"
"A photo of emb-babs,as a beautiful sporty,blue eyes,beautiful iris,uper body only,perfect flat belly,topless,wet in sauna ,((wet hair sticky to the shoulder)), in sauna cabin with steam coming out the pot ,(looking at the camera), photoshoot style,seductive expression,8k HD,RAW,dslr,perfect features,flawless skin,skin pores,professional,masterpiece ,(photorealistic:1.4), detailed,intricate,high resolution,detailed background"
"underwear,redhead,from behind,thong,bent over table,looking back,looking at viewer,hair bun,cameltoe,black gles,mischievous,flirty,amused,lips,sleeveless,mature,eyelashes,nose,modern living room,television"
"(adult,mature :1.2),(nipple slip,one breast out:1.2), looking at viewer,slight smile,mischievous,blush,small,lips,nose,lipstick,hand on hip,thighs,curvy,pose,jean shorts,garden,mansion,cowboy shot,studs,sleeveless,off shoulder"
"(cel shading:05), nsfw,dark skin,latina,standing,long legs,Indirect Illumination,Skybox,underlighting,wearing harness,high contrast,bondage outfit,hand on own chest,steaming body,heavy breathing"
"masterpiece,high quality,a highly detailed professional piece of mountain suspension takatekote rope bondage art"
"(mature :1.2)holding melon,looking at viewer,curvy,shirt lift,t-shirt,lifting shirt,topless, wink,mischievous smile,laugh,one eye closed,happy,long hair,midriff,nose,hair behind ear,lips,eyelashes ,(stud earring), grocery store"
"(((mature adult tall,mature face)))),(glowing blue eyes), cat ears ,(((((((narrow waist))))))), gradient pink inner hair,large,large e,bra,large,lips,looking at viewer,3d,feet,black legwear ,((((feet focus)))), looking at viewer,lying,masturbation,no shoes,on back,on bed,open mouth,pantyhose,photo \(medium\), photorealistic,soles,solo,tongue,tongue out,unmoving pattern,a with pink hair and black stockings laying on a bed with her legs up,superflat,Aya Goda,a stock photo,cosplay"
"erotic,seductive,lustful:1.5), masterpiece:1.4,best quality),(intricate details), unity 8k wallpaper,ultra detailed,beautiful and aesthetic ,(photorealistic:1.4),(), green eyes,blonde,hair ornament,short hair,blush,dynamic pose,dynamic angle,lipstick,medium breast,outdoor,detailed background,realistic,solo,detailed eyes,highly detailed ,((fantasy forest)),((flowers around)),((dark night)),((darkness)), elf ears,short hairs,magic flowers ,((moon))"
"((masterpiece)),((best quality)),(amazing fine details), a photo of a naked in rope bondage,bdsm,shibari,suspension,cinematic lighting"
"(asriel dreemurr \(god form\)), solo,fully naked,wide hips ,(adult features,tail,blush,detailed face), gles,sleeping while reading a book,book on body,sleeping,closed eyes,lying on bed,smile ,(average :1.2), flat chest,slim and toned body ,(muscular:1.3), sweet,by The-Minuscule-Task"
"1boy ,(()),((l)), juice,large,ejaculation ,(missionary ,)pov,blindfold ,((arms behind back,bondage,improvised gag ,))trembling"
"masterpiece,high quality,a highly detailed professional piece of forest shibari rope bondage art depicting a muscular gnome engineer artificer"
"best quality,highres,standing,bondage,restrained,demon,demonic,hell,prison wall,chained,shackles,bound wrists,front,looking at viewer,grim"
"(mature :1.2), solo ,(Blue long hair:1.1), yellow eyes,large ,(short black latex dress:1.1), open neckline,earrings,against a bar,smile ,(makeup:1.1),((masterpiece)),(high quality),(best quality),(detailed), hd,perfect lighting,detailed face,detailed body"
"(AS-Adult:1.3), masterpiece,best quality, barefeet,feet,toes,lying,on back,spread legs,presenting,pubic hair ,(blush:1.2),(seductive smile:0.8), hotel room,window,red ambient lights,rose petals"
"masterpiece,best quality,tanned skin,runic tattoos,mage,curly hair,red hair,blue eyes,glowing tattoos,casting spell,revealing clothes,sexy,piercing look,huge,good hands,nice hands"
"professional photograph shot on Canon EOS R6,moody lighting,80mm,demoness,1 demon,evil hair,[sexy evil bodysuit:evil long black dress:2.0],underboob,natural,demon palace,hell palace,scenery,full body shot,tall,slim,barefoot,wind,leaves,By art germ,evil pose,evil,evil outfit,demon ,(dominant :1), holding a longsword ,(evil longsword:1.2), demon skin,evil lighting ,(pov from beneath:1),(very detailed sword:1)"
"nsfw ,(masterpiece:1.2),(best quality:1.2), perfect lighting,perfect eyes,perfect face,detailed face,detailed vulva,detailed anus,adult face,very long gorgeous lush hair,double color hair: [blue | pink:05],goth red full dress,goth makeup ,(lift up skirt:1.3), leaning forward,back biew ,(pov under skirt:1.3), hands spreading,juice ,(multiple anus insertion:1.1), cyberpunk alleyway,dark night sky,wet floor,moon ,([blue | pink:05] light:1.3),(warm colors), intricate details,shallow depth of field,[volumetric fog],cinematic lighting,reflections,photographed on a Canon EOS R5,50mm lens,F/28,HDR,8k resolution,cinematic film still"
"sidecut ,(dyed hair:1.2), asymmetrical haircut,cyberpunk,stockings,boots,alley,night,neon,looking at viewer,night,holster,belt,feminine,bandolier,dramatic lighting,biker jacket,amused,small,lips,eyelashes,nose"
"masterpiece,best quality,absurdres,high resolution,unity wallpaper,extremely detailed ,(solo, beautiful face,detailed face,detailed eyes,detailed pupils,blue eyes,rlong hair,red lips,large,wide hips,thicc ,)"
"(mature :1.2), solo,Short red hair,green eyes,medium,earrings,neck necklace ,(white lace underwear:1.1),(sitting in a tree:1.1), fairy forest,night ,((masterpiece)),(high quality),(best quality),(detailed), hd,perfect lighting,detailed face,detailed body"
"Furry art,NAKED,NSFW ,(spread legs)(())(sexy anthropomorphic [wolf],feminine),((vibrant rich colors)), fur detail,detail,soft,fluffy fur,fluffy,HD"
"naked pale gothic lesbians in water,perfect composition,romantic lighting,skin pores,subsurface scattering ,(masterpiece,highest quality)"
"((Orange Hair,Tomboy,Pixie Cut,Freckles,blue eyes,eyes closed,smile,teeth,blushing,completely)),((bathtub,bathroom,bathing,cum bathed,cum on face,cum on hair,cum)),((masterpiece,best quality,highly detailed)), solo"
"mature,standing on floor,curvy ,(panty pull:1.2), red hair,long hair,hair over shoulder,freckles,surprised,scream,blush,lips ,(peeking:1.2), bedroom,bed,window,nightstand,voyeur,looking at viewer ,(flat color:1.1),,nose,full body,eyelashes,pubic hair"
"Generate an amazing,best quality masterpiece,Mistress of the sea,with flowing waves and a trident in hand,Gal,Average Height,Lean,Square Face,Dark Skin,Black Hair,ice blue Eyes,[[Curved Nose]],Full Lips,Receding Chin,Shoulder-Length Hair,Curly Hair,Rope Braid,saggy,Dangle earrings,fuchsia stain lipstick,realism oil painting,delicate,Gemstone"
"(mature :1.3), solo ,([30-year-old | alisonbrie | morb4cc4r1n0]:07),(raven long straight hair),(purple eyes:1.4),(black mini bikini with ties:1.1), medium ,(night beach:1.1), moon,palm trees ,(back view:1.1), focus butt ,((masterpiece)),(high quality),(best quality),(detailed), hd,perfect night lighting,detailed face,detailed body"
"Masterpiece,highest quality ,(cyberpunk), Dramatic lighting ,(blue ambient light:06), rear angle,cine still ,(Gorgeous Viking [Cyborg|Woman] with viking side braided blonde hair), blue eyes,detailed facial features,[makeup],serious expression,looking back at viewer ,(wearing futuristic cyberpunk corset and fur cloak and tight leather pants), cyberwear,standing inside a high-tech flying cyberpunk Viking Longship:1.1), intricately detailed,athletic body,large muscular ,(bubble butt),(detailed skin), focus on on capturing the natural lines and contours of her body and face ,(cinematic lighting:1.1), shadows,photographed on a Phase One IQ4 1.50MP,100mm F28 L Macro lens,highly detailed,hyperrealistic,Cinestill 800T,film grain ,(eyelight:05), HDR,8k,absurdres,sharp focus,from behind,worship"
"(colorful,highly detailed,pretty:1.1), upper body ,(butterfly wings:1.25), geeky,sexy,pretty ,((dark skin)), into a lake of the night's sky ,((rainbow)), Digital(painting)by WLOP,Sophie Anderson,Jeremy Mann ,(Carne Griffiths)[[Jeremy Lipking]] ,(Frank Cho), [Camille Walala],shiny ,(smooth)"
"very long blonde hair,thick thighs fat view from behind,looking back,looking at viewer"
"Masterwork,Best Quality,Adult,Mature,Beautiful,Tall,Fit,Athletic,Red Eyes,determined,straining,Black Hair(Silver Highlight), Short braided hair,Gym Short(Red and Silver), Tight Tank-top(White,see-through), midriff,lifting dumbbells,wet,sweating"
"Beautiful,Tall,Milf,Mommy,Mother,Thick,Thick Hips,Thick Thighs,Large Breasts,Blue Eyes,Smiling,Freckles,Blushing,Sundress,Straw Hat,Carrying Hoe,Walking in Wheat Field"
"(mature,adult,:1,5), elf,pointy ears,tattoo,thighs,huge thighs,waterfall,blonde hair,long hair,dark elf,water,solo,dark-skinned,huge,wet,dark skin,muscular,bug,night,moon,butterfly,jewelry,large hips,outdoors,leg tattoo,earrings,curvy,head rest"
"(masterpiece:1.2),(best quality:1.2), perfect lighting,perfect eyes,perfect face,detailed face,adult face,mature face,red skinny dress,through,punk hair style,in metro,graffiti,tattoo,spikes,deep,small,protruding,large aureole"
"((masterpiece))(,((best quality:1.49))),(amazing fine details), a photo of a pale naked goth tied in rope,smirking,goth tattoos,green hair,ballgag,blindfold,fishnets,pierced,collar,rope,bondage,hogtie,shibari,suspension,rigging,ropes,dungeon,shadows,cinematic lighting"
"((masterpiece)),((best quality)),(amazing fine details), a photo of a curvy pale naked goth tied in(rope:1.35), ballgag,goth tattoos,blonde hair,fishnets,collar,bondage,takatekote,dungeon,deep shadows,spotlight,cinematic lighting,dynamic pose"
"a young holding a large flat wooden spatula,evil grin,dominatrix,kinky(best quality:1.1),(ultra realistic:1.2), photorealistic"
"sharp eyes,hourgl body,perfect eyes,perfect lips,perfect face,acrylic painting ,(colored sketch style), hyper realistic,hand drawn painting,detailed thick line art,mature naked chubby in steel cuffs"
"4k,Photo realistic,anime,topless,sweating:1.5,perky medium breast,wide hips,black panty,small necklace,short hair,messy dark blue hair,exhausted face,museum,Sunny lighting award winning photo,extremely detailed,amazing,fine detail,highly detailed"
"anime,masterpiece,short hair,dark blue hair,medium,wide hips,golden bra,tight denim shorts,drinkin coke,seated,street city,solo,dusk,yellow sunlight,light light particles,partially clothed,coke vending machine"
"deep shadow ,(high detailed face:1.3),(high detailed skin:1.2), detailed skin,skin imperfections,glitter skin tone ,(complete eyes,complete face:1.1),(shiny eyes:1.2), extremely detailed eyes and face,in UE5 setting and rendering 4x with this photorealistic and dynamic(Large Shot),((photogenic,rule of thirds))Captured in stunning 4K and 8K resolution,Utilizing advanced camera equipment,including Kodak Funsaver disposable camera,film grain,Fujifilm XT3,dynamic lighting,shadows,RAW photo of a big blonde,nice oufit,showing,fit body,yellow jacket,tight skirt"
"insane detail,fine detailed fabrics,equal eyes,embellish ,(insanely detailed,beautiful detailed face,masterpiece,best quality), anime style,topless ,((inspecting her pistol)), medium breast,green combat pants,short hair,brown hair,in an apartment"
"A pale freckled -next-door wearing a blue dress with a hairband standing beside an oak tree looking out from a balcony,skin pores,subsurface scattering ,(masterpiece,highest quality)"
"Masterpiece,witch,ultra life-like detail,best quality,full body,Sultry,slender,Pagan tattoos,pagan makeup,green eyes,ornate,<straps,strings,charms,jewelry,adornments,Lagenlook,draped,lace,robe>,black cat,feathers,piercings,astrology,sacred geometry,magic circles,candles,scrolls,books,blood,diffractions,reflections,dust,fog,witchhat"
"(masterpiece:1.2), best quality ,(8k:1.2), insane details,intricate details,hyperdetailed ,(hyper quality:1.2), high detail,ultra detailed,professional ,(HDR:1.2), realistic,ray tracing reflection,1,goddess,cinematic lighting,looking at viewer ,(large :1.1),(covered :09), Tifa lockhart ,(red eyes:1.1), smile,looking at viewer"
"erect clitoris,huge clitoris,cameltoe,sitting,spread legs,red armor,beautiful,long black hair,detailed sea green eyes,Irelia,bedroom,seductive smile,blush"
"ultra detailed,8k,cg ,(playboy bunny:1.2), lace trim,black hair,casino,large,red eyes,Tifa lockhart,embarred,blush,full body,cowboy shot,covered,covered abs,alcohol,serving tray ,(waitress:1.1), solo,1 ,(chandelier:1.2), cowboy shot,frown,closed mouth"
"((Masterpiece,ultra detailed,high quality,hi-res,4k,absurdres ,)), pink nipple,sexy ,((clitoris)), Stunning and beautiful ,((full body)),(((:1.5))), hotel room,bare feet,medium breast,slim legs ,((blue hair)), tied hair ,((detailed eyes)),((detailed face)), earrings,depth of field,pixy,artstation,deviantart,necklace,messy hair,blank stare ,(solo:1.4), standing,saliva,sweat,flying sweatdrops,vibrant colors ,((watercolor effect)), dynamic pose,slime"
"(((masterpiece))),(, solo:1.5),((best quality)), fire,fire wisps,inside a volcano,crags,rocks darkness,A volcanic wasteland,with rivers of fire flowing into a molten sea ,)(dynamic lighting,cinematic lighting)),((absurd res ,)), detailed background,perfect eyes,despair,looking at the viewer,dynamic pose"
"1boy,1.8 years old,reverse upright straddle,penis in,l,completely,open mouth,tongue out,breast grab,arms behind back,gorgeous,beautiful,full body,perfect face,perfect body,big smile,oiled,facing camera,looking at camera,8k,RAW photo,best quality,tan,shaved,exposed,ultra high res,best quality,perky,looking at camera,photorealistic,masterpiece,ultra-detailed,wide angle"
"Mature,partially submerged,in hot tub,ripples,waves,bubbles,looking at viewer,blush,bracelet,jewelry,onsen,steam,reflections ,(refraction:1.2), relaxing,gentle,calm,peaceful,curvy,thick,collarbone,small,medium,detailed face,motivated light,wet hair,wet skin,sweat,copper,braided hairstyle"
"(, action:1.8),(seductive smile:05), loving aura,sunlight,god rays,supermodel ,(breastless clothes,medium, nsfw:1.5),(Masterpiece,Best Quality,High Quality,Highres:1.4), Detailed,Extremely Detailed,Ambient Soft Lighting,4K ,(Ornate:1.2)"
"((1.8 years old)), portrait,naked,big smile,legs open,legs spread wide,oiled,facing camera,looking at camera ,(8k,RAW photo,best quality,tan,shaved,exposed,ultra high res,s wide,squatting,camera low,camera close,best quality,solo,long brown hair,arms on hips,perky,looking at camera,photorealistic,masterpiece,ultra-detailed,Unreal Engine), legs spread wide,upturned eyes,head down,head tilt,tight,thin,small,perfect face"
"(best quality:1.1),(ultra realistic:1.2), intricate detail,sunny,day light,photorealistic,a spanking another,crying,anguished"
"(8k,RAW photo,best quality,masterpiece:1.2),(realistic,photo-realistic),(perfect face,perfect mouth,perfect nose,perfect lips,detailed face:1.6),(perfect eyes:2),(light pink eyes:1.2)"
"Insanely detailed,front facing,commercial illustration of a adult with mature face and perfect jaw lines,big,long white hair with uneven cut bangs,dressed in flowers with flowers in her hair,in the style of artgerm,vibrant palette knife,franciszek starowieyski,michael malm,captures the essence of nature,sun-kissed palettes,illustration"
"(high quality,perfect quality,masterpiece), gorgeous korean in black mini skirt topless in a dark city ,(beautiful face:1.3), nipple ,(perfect face:1.3), black skirt,detailed face,looking at viewer,smooth skin,medium,portrait,standing,black thigh highs,night"
"best quality,masterpiece,highres,photo realistic,ultra realistic ,(highly detailed skin:1.2), 8k uhd,dslr,soft lighting,high quality,volumetric lighting,candid,photograph,high resolution,4k,8k,ultra realistic 8k,movie scene,medium shot photo,cinematic,highly detailed,filmic nsfw,space princess,wearing armored bikini,white hair,beautiful face,in a spaceship,huge,huge"
"detailed background,intricate ,(solo:1.3),(:1.2), large,long hair,amber eyes,white hair,mature face,confused,cockpit,designer wear,ivory skin color ,(hime cut,bangs,sidelocks:1.3), very wide shot"
"detailed hair,detailed face,detailed background,solo,sidelocks ,(dark red hair,glowing teal eyes,very long hair:1.4), long dress,dress,standing,jewelry,necklace,water ,(elbow gloves:1.3),(, tall,mature :1.3), petals,hairpods,dark,moon,stars,expressionless,mole under eye,hair between eyes,braid ,(crying:06)"
"(Best Quality,Masterpiece:1.2), detailed background,intricate ,(solo:1.3), smile ,(, adult,adult,mature:1.2), large,long hair,hands in pocket,auburn hair,teeth,hoodie,open hoodie,zipper,large e,midriff,shorts,upper body,curvy,streaked hair,silver hair,mole under eye,floating hair,petals,falling petals"
"masterpiece,sfw ,(lips,eyelashes:1.1), AS-Adult,mature face ,(solo:1.3),(, mature :1.3), mystical forest ,(mole under eye,bangs,hime cut,sidelocks,very long hair,lipstick:1.2), sitting on the ground,kimono ,(blonde hair:1.3),(red eyes:1.4),(petals,falling petals:1.3),(dusk,night,evening:1.2), cinematic lighting ,(light rays:05), nice hands,parted lips"
"dress made of stone,brown hair,green iris,earth queen,holding rifle,enormous,phoenix,masterpiece,8k,detailed background"
"cat ears,breast expose,wide hips,looking away pale skin,white hair,downblouse,leaning forward,grabbing own breast,pencil skirt,office,desk,window"
"upper body: adult,Galactic aura,short dark hair,corduroy turtleneck sweater burgundy,huge,star earrings,necklace,despair expression,red lips,highly detailed 4k resolution,volumetric lights,crispy colors,cowboy shot,finely detailed background,Depth of Field,VFX,colorful,vibrant"
"(best quality,masterpiece,detailed eyes and iris,perfect face,beautiful and aesthetic:1.2,colorful,highest detailed face), komi shouko,Komi Can't Communicate ,((short pixie hairstyle,silver hair,flower on hair)),(((huge))),((upper chest only portrait)),(focus on face)((wearing soaking wet sports shirt)),(high contrast,official art,extremely detailed,highest detailed,wooden floor background),(((NSFW))),(((blurry background)))"
"attractive,pale skin,huge,moon robes,moon behind head,floating above forest,looking at viewer,dynamic pose,dynamic angles,masterpiece,8k,best quality,detailed background,solo"
"8k portrait of beautiful with brown hair,intricate,elegant,highly detailed,majestic,digital photography,art by artgerm and ruan jia and greg rutkowski surreal painting gold [butterfly:air:1.3] filigree,broken gl ,(masterpiece,sidelighting,finely detailed beautiful eyes:1.2), hdr,ancient greece background"
"high quality,highest quality,highly detailed,detailed anime style ,(masterpiece:1.1025), mature ,(:1.1)short orange hair,red eyes,big, golden harness,shackles,full body,ballgag ,(breast_suspension), breast are damaged"
"Under a radiant sun,an overcrowded medieval castle and city buzz with energy The castle's drawbridge spans the sparkling moat,acting as a gateway to a bustling red light district where enslaved whores and peasants intermingle Majestic dominatrix and docile slaves wander among prostitute stalls and booths brimming with sex toys,from enchanted bondage gear to magic dicks Sunlit streets reveal an array of enchanted buildings with vines scaling their walls,while knights in gleaming armor patrol alongside peasants and prostitutes The city's density is evident in the crowded streets and boisterous taverns spilling with laughter and camaraderie fantastical cityscape,nsfw,bdsm,bondage,realistic,photorealistic,hyperrealistic,8k,4k,extremely detailed,intricate,hyper detailed,specular lighting,hard shadow,soft lighting,nsfw,bondage,bdsm,flashing us upskirt,hentai,anime"
"solo,focus,blush,brown eyes,black hair,short hair,wavy hair,beautiful,scared,parted lips,half-closed eyes,duct tape,tape,looking to the side,sitting,detailed background,bedroom,breast squeeze,breast press ,(masterpiece:1.2),(best quality:1.2), restrained ,(bondage:1.2), arms behind back"
"highest quality,detailed anime style,8k ,(masterpiece:1.1025),(slutty lingerie:1.1), masochism,slave,bdsm,blindfold ,(mature :1.1 ,), big breast ,(breast chains:1.2), torture,sweating ,(no), luxury hall,a crowd of elegant people"
"(mature:05)sitting restrained to chair in living room ,(black tape bondage), arms behind back,[bound,bdsm],yellow bodysuit,multicolored hair,[videogame character],spiked hair,green eyes,lux,aesthetic lighting,best quality,highres,[window,cabinet,table]"
"[[naked]],a dry-cleaning worker in warehouse,standing,silver wavy hair,:>,lips,curvy,light blue eyes,red Houndstooth prom dress,unbuttoned,lace tights,bowtie,bangle,silver,hyper-creative,Dreamcore,Yoshitoshi ABe ,(masterpiece), highres,high quality,professional"
"background,formal party,ballroom ,(crowd:1.2), public,looking away,many people BREAK,black dress,formal dress,curvy,dress lift,no,slight smile,looking at viewer,earrings,sneaky,blush,tease,lightblue hair,hair up,lipstick,eyelashes"
"(laying on towel:1.2), huge,detailed,anthro,futanari, thick thighs,detailed humanoid penis ,(big balls), mature,realistic art,veiny penis,intersex,medium penis ,(cum,cum drip,cum on balls,cum on leg,cum on penis,cum dripping from penis:1.2), presenting penis,smile,smiling at viewer,looking at viewer,humanoid genitalia,humanoid penis ,(detailed pupils:1.3), detailed eyes,hand behind head,sand,beach,top perspective,top view,high-angle view,extremely detailed testicles ,(cervina7:05), thick body ,(dimwitdog:095),(vader-san:095),(r-mk:06),(syuro:05), tall,wolf,dark green fur,cheek tuft,facial tuft,eyelashes,black nose"
"beautiful ,(masterpiece,best quality,absurdres,mature,curvy:1.2), thick,from front,from below ,(2boys,anal sex,missionary,sex:1.8),(anthropomorphic bunny,bunny ears,bunny,penis,testicles,futanari,otoko no ko,focus,frenulum,small penis:1.4),(precum,cumdrip,cumpool,skindentation:1.3), short pink hair,wearing headphones,gamer room,gamer aesthetic,trembling,squishy,collarbone,small,big,detailed face,lr,motivated light,god rays,on bed,indoors,crack,peach,detailed penis"
"veiny penis,futanari,erection,testicles,blonde,messy ponytail hair,sitting in chair,view from below,on a beach,wearing golden bikini,smiling,orgasm face,light blush"
"best quality,sketch,loli), extremely delicate and beautiful ,(simple white color background),(ultra detailed eye pupils), blue eyes ,(glowing eyes,expressive eyes), mive ,(arms behind back), brown hair ,(long fluffy wavy hair,detailed hair,flower ornament), round gles,smile ,(erotic charming expression:1.2),(school uniform,blue skirt), cardigan,soft lighting ,(scattered:1.2)pink sakura(petals:1.2), sakura branch over head,wind swirl,from above and side"
"(masterpiece), best quality,expressive eyes,perfect face,solo,green knotted shirt,large,no bra,short sleeves,anmnr,denim short,short shorts,pink hair,long hair,wavy hair,crop top,standing,belt,light smile,river"
"wet,blushing,wet,sitting,in bed,medium breast,half naked,heavy breathing,black headwear hat flower hat feather black thighhighs black gloves boots,navia"
"from below ,(masterpiece), best quality,expressive eyes,perfect face,huge,black hair,mature,long hair,bangs,open clothes, uniform,clinic,therapy,sitting,plump,smile,fist,crossed legs,bra,clipboard,pen"
"(life-size-body), full body,sunny flower field,top down drone view ,(bokeh light:1.5),(lens flare abuse), no shadows,naked,perky breast,medium breast,large hips,transparent white lacy lingerie dress,deep blue doe eyes,looking at the camera,laying down,basking in the sun,honey blond hair,long wavy hair,hair in the wind,hands over head ,(white flowers), green gr,windy,illustration"
"((extreme detail)),(ultra-detailed), extremely detailed CG unity 8k wallpaper,best quality,masterpiece,off shoulder,pink crop top,cinematic lighting,close-up,panorama,Wide-Angle,85mm,masterpiece,UHD,anatomically correct,super detail,high quality,award winning,10.80P,HD,1.6k ,((masterpiece)), best quality,8K,HDR"
"wet,blushing,wet,sitting,in bed,medium breast,half naked,bow-shaped hair,kokomi,long hair,two-tone hair,pink eyes,pink hair,blunt ends,no pupils,hair ornament,gradient hair,sidelocks,gradient eyes,multicolored hair,multicolored eyes,blunt bangs,vision(genshin impact), blue eyes,blue hair"
"(masterpiece), best quality,expressive eyes,perfect face A solo chinese,wearing a beautiful pink bubblegum Qipoo dress with golden and black floral print on it,standing in a chinese festival area,chinese lanterns,luminated signboards,looking at viewer,cute face,plump lips,wide shot,wearing chinese style foitwear,fit dress,medium,dress open from top,silhouette in dress high collors,stars in sky,crescent moon,moonlight,high-res,absuredres,8k UHD"
"((masterpiece,best quality,highres,absurdres)), solo,from side,close-up,low angle,busty petite,perky,long twintails,brown hair,brown eyes,loose sleeveless cutoff shirt,flowy blue shirt,necklace,new york city,street exterior,chilly morning mist,light particles,looking up at the skyscrapers in awe,wide eyes,parted lips"
"absurdres,highres,ultra detailed), 1,adult,beautiful,high muscular face,broad shoulders,finely detailed eyes,short black hair,brown eyes,black cloak,wearing a hood,leather vest,leather bag at the waist,2 daggers on the belt,castle,medieval atmosphere,natural light and shadow,There are bright particles flying around her,fantastic,mysterious,bright glow,seated pose,serious expression,cold,thoughtful,mouth shut"
"masterpiece,best quality,ultra-detailed,TemariNS,solo,quad_tails,looking_at_viewer,closed_mouth,forehead_protector,huge,colorful printed yukata ,((cute)), smile,on a mountain,volumetric lighting,best quality,masterpiece,intricate details,tonemapping,sharp focus,hyper detailed,trending on Artstation"
"Transgender,2.0 Years old,Orgasm face,White,Naked,Ginger hair,Ponytail,White skin"
"Woman,Many people,Full body,2.0 Years old,Orgasm face,Fit,View from above,Standing,Swimsuit,Decollete,White hair,Ponytail,Oiled skin,Medium,Thick thighs,Beach,Underwater,Moon light,Anime"
"Open mouth,White,Fit,View from below,On stomach,Gles,Jeans shorts,Sweater,Intricate clothes,Unbuttoned clothes,Blonde hair,Ponytail,White skin,Medium,Medium,Strip club,Day light"
"Closeup Portrait,1.8 Years old,Open mouth,White,Fit,View from below,On all fours,Naked,Rounded,Rounded"
"Many people,1.8 Years old,Happy face,White,Skinny,Spreaded legs,Dress,Bikini,Swimsuit,Bathrobe,Skirt,Bodysuit,Sungles,Nylon stockings,Thong,Tight top,Tunic,Intricate clothes,Cleavege,Decollete,Unbuttoned clothes,Unzipped clothes,Black hair,Pubic hair,Short hair,Pigtails,Oiled skin,Piercing,Tanned skin,Dark light skin,Small,Small,Beach,Wedding,Tent,Party,Cinematic light,Moon light,Low light,Soft light,Warm light,Disney cartoon,Realism"
"Closeup Portrait,1.8 Years old,Seductive smirk,Undead,Skinny,View from below,Nylon Gloves,Mini skirt,Dress,Medieval clothes,Black hair,Long hair,Straight hair,Messy hair,Pale skin,Small,Skinny thighs,Party,Warm light,Dark scene,Realism"
"Full body,40 Years old,Makeup,White,Thick,Spreaded legs,Nurse costume,Choker,Diadem,Pullover,Unbuttoned clothes,Unzipped clothes,Decollete,Blue hair,Straight hair,Long hair,Oiled skin,White skin,Large,Medium,Bed,Office,3D"
"Orgasm face,Chinese,Fit,On all fours,Choker,Mini skirt,Blouse,Unbuttoned clothes,Transparent clothes,Unzipped clothes,White hair,Long hair,Messy hair,Ponytail,Pale skin,Small,Small"
"Crying,Korean,Skinny,View from below,Squatting,Naked,Corset,Purple hair,White hair,Pink hair,Blue hair,Gradient hair,Messy hair,Tanned skin,Small,Small,Bed,Digital art,Realism,Anime"
"Happy face,Latina,Fit,View from below,Spreaded legs,Sport Bra,Cotton shorts,Stockings,Black hair,Short hair,Ponytail,Tanned skin,Pink skin,Small,Fit thighs,Blooming garden,Forest,Dark scene,Anime,2D,Sketch lines"
"Asian,Skinny,On all fours,Thong,Bra,Tight top,Mini skirt,Pink hair,Mulitcolor hair,Gradient hair,Messy hair,Medium hair,Small,Small,Bed"
"Woman,Thai,2.0-30 years old,busty,skinny,tan line,very big,natural,saggy,big,hard,round,skinny thighs ,(beauty,seductive smirk,tender look ,), she wears casual clothes,she has wool beanie,she has neckerlace/tie,she is wearing a fantasy t-shirt,the t-shirt is pulled up above the,no bra,large colored braces,she wears an unbuttoned extra mini tight jeans shorts,no,no thong,she has pubic hair falling out of shorts,she has and hole visible from shorts,she has very hairy,she has splashing wet,she has big ’s lips and big clitoris,she wears garter belt ,((she has long ribbed(over the knee)woolen socks)), she wears bikers boots,she wears bracelets,earrings; she’s standing or sitting in seductive pose,posing,she’s spreading legs,she’s spreading and ; on side posing,view from above,cinematic light,she’s in a New York crowded pub,drinking a cocktail at the crowded counter bar"
"Fit,View from below,On all fours,Naked,Rounded,Rounded,mini skirt,plaid skirt,pink hair,short hair,stilettos,braided hair,pigtails,cum,cum everywhere,cum on,heart,pillows,candy,small black backpack,spank,garter belt,red heart pillows,speech bubble,recording,cum on,lots of cum,cum in,back tattoo"
"Milf,30 Years old,Makeup,Russian,Busty,Bra,Thong,Ginger hair,Long hair,Tanned skin,Large,Busty thighs,Digital art"
"Woman,Makeup,Polynesian,Tribal clothing,Intricate clothes,Clic tattoos,Marvel style"
"White,Skinny,Striptease,Necklace,Sungles,Jeans shorts,Tight top,Unzipped clothes,Unbuttoned clothes,Intricate clothes,Pink hair,Piercing,Big,Thick thighs,Street ,(Style of Greg Rutkowski),(Style of Jordan Grimmer), 2D"
"Cute face ,(Elemental:1.4), Skinny,Dynamic angle,Seductive pose,Naked,Cleavege,Decollete,Transparent clothes,Mulitcolor hair,Gradient hair,Long hair,Straight hair,Messy hair,Colored tattoos,Modern tattoos,Clic tattoos,Rounded,Skinny thighs,Bathroom"
"Woman,1.8 Years old,Skinny,Small,Small,Natural,Cute face,Horny face,Full body,Bed,White hair,Transparent clothes,Intricate clothes,Cleavege,Choker,Thong,Unbuttoned clothes,Unzipped clothes,Topless"
"Long eyelashes,Fit,Striptease,Antique clothing,White skin,Natural,Medium,Snow,Masterpiece,Anime"
"Persian,Fit,Mini skirt,Topless,Unbuttoned clothes,Black hair,Bobcut,Tanned skin,Rounded,Skinny thighs,Office,Cinematic light,Soft light,Warm light,Masterpiece"
"Japanese,Muscular,Dynamic angle,Dress,Transparent clothes,Blonde hair,Ponytail,Straight hair,Oiled skin,White skin,Big,Thick thighs,Oasis,Warm light"
"Milf,Makeup,Busty,Spreaded legs,Latex suit,Latex gloves,Transparent clothes,Blonde hair,Oiled skin,Big"
"whch,floating ,((angry)), furious,looking down,fit,nerdy,yelling,white hair,giant,fullbody,short hair ,(skinny), gles ,((short)), smug,skirt ,((looking at viewer)), fighting,fluffy hair ,((rough))"
"pale skin,anime face looking down at you ,((black hair)),((medium messy hair)),((white cat ears)), purple round eyes,short body ,((naked)), narrow short chin,skinny body,flat chest ,(((flat))), sad face,view from floor,,chained up with heavy chains,bruises her body"
"very and skinny middle in clroom secretly removing her skirt,still on,legs closed as she removes skirt,view of butt,cute ,((on her back)), anime style,low light"
"(b), nier automata,one,blue eyes,mive leg,hourgl body,same eye color,k,correct body structure,beautiful background,complex backgrounds,machine backgrounds ,(((fokus))),(erotik)"
"Woman,One,2.0 Years old,Orgasm face,Busty,Naked,Choker,Ginger hair,Long hair,Ponytail,Braided hair,Oiled skin,Tanned skin,Big,Busty thighs"
"gorgeous,[makeup] ,(undercut)red hair,gleaming intense red eyes,highly detailed pupils,flawless rosy skin,sexy cyberpunk fashion model,with the good guys,flirting"
"space,stars,spaceship pilot,flying spaceship,helmet"
"((gigantic dildo stuffs the full)), mive,plus size,ahegao,only s,messy hair,playing games"
"miku nakano(toubun no hanayome), naked,showing,asleep,legs spread,facing me,facing away from me,dripping wet"
"a naked faces the viewer,sitting a chair appears short messy hair,ping hair,hands chained above her head,ankles chained the ceiling,anal sex toy,all white thighhighs,she smiles with pleasure"
"in lingerie,nightclub,large,in bikini,hourgl body,korean,perfrct body,perfect face,kneeling"
"(((misato katsuragi))),(purple hair),((sad)),(((yellow printed bikini))),(((adult))),(medium),(()),((rocky beach)),((((black eyeliner)))),(((face detail))),((beautiful)),(blushing),(legs),((standing))"
"((asuka langley)),(twin tails),(orange hair),((sad)),(((white printed bikini))),(((adult))),(medium),(()),((rocky beach)),((((black eyeliner)))),(((face detail))),((beautiful)),(blushing),(legs),((standing))"
"(sailor jupiter),(short ponytail),(brunette),((sad)),(((green printed bikini))),(((adult))),(medium),(()),((rocky beach)),((((black eyeliner)))),(((face detail))),((beautiful)),(blushing),(legs),((standing))"
"(sailor venus),(straight hair),(blonde hair),((sad)),(((orange printed bikini))),(((adult))),(medium),(()),((rocky beach)),((((black eyeliner)))),(((face detail))),((beautiful)),(blushing),(legs),((standing))"
"crouched marking in short running pants,sweating,hard,crop,sweating"
"(((blunt bangs))),(((ponytail))),((purple hair)),(flirty smile),(((adult))),(big),((red eyes)),(((black makeup))),((anime style)),(()),(((()))),((hoop earrings))"
"((((straight hair)))),((blunt bangs)),((black hair)),((red eyes)),(((smile))),((((printed kimono)))),((long skirt)),(flower hairpin),(((()))),(big),(((((japanese courtyard)))),(((black eye liner))),(((face detail))),((beautiful)),((standing)),((((nighttime))))"
"maid,sexy,nice,perfect,bun,mansion"
"(((duy huynh anime style))),((duy huynh hela)), duy huynh goddess of the underworld ,(((duy huynh detailed face))),((duy huynh masterpiece,duy huynh raw image,duy huynh rendered,duy huynh ray traced)), duy huynh full body ,(((naked)))"
"black straight hair, ahegao,nerdy gles,harbor,night time,night scene,alone,goth,goth makeup,drool,dripping wet pusy,throat buldge,deep throat surprised"
"fire and ice s,white hair and blue eyed,red hair and orange eyed,fire,ice,s,gagging,deep throat,throated,eye closed,cumshot"
wet tshirt(seethrough)(nsfw)dress raining public embarred night
"red hair ,(big), face,k ,(shy orgasm expression), blue eyes ,),(neko ears), skirt ,(hands),(tight wet white shirt,visible)(black tights)"
"beautiful busty waifu,k uhd,highly detailed,soft lips,soft body,bikini"
"dark brown hair,slightly disheveled,creating a rebellious look honey eyes,intense and expressive,highlighting your strong personality wearing punk clothes,adorn leather jacket,opening jacket"
"(masterpiece), best quality,expressive face,perfect face,large,smiling,blushing,onee-san,glowing eyes,sparkle eyes,expressive eyes,extreme detail eyes,stand,expression ,(fitting portrait), hairline,perfect extreme detail hair,soft shadow,solo,thighs,fern,long hair,purple eyes,bangs,purple hair,shirt,dress,white shirt,open clothes,white dress"
"(masterpiece), best quality,expressive eyes,perfect face ,((UHD)),(((dramatic lighting))),(((dramatic shading))),(perfect anatomy),(perfect hands),(extremely detailed body),(extremely detailed hand),(full body:1.2),((lewd art,sexy art,lewd,NSFW)), huntress,white hair,ponytail braid ,((tube top)),(((fur capelet,animal fur coat,shoulder cape))),(((side,under))), open shirt ,((topless)),(toned abs),((loincloth skirt)),((large,large thighs,big thighs,wide hips,large hips,small waist,muscles:1.2,muscular:1.2,athletic,stomach)),(serious),(((axe:1.4))),((large metal axe,axe head)),(((holding an axe:1.4))),(((detailed axe))), in snow,snowy mountain,cabin in background,detailed cabin,blue sky,snowing"
"expressive eyes,perfect face,adult,basketball outfit ,(big :1.3), short pants,red shirt,under,playing basketball,basketball court,ponytail,pink hair,blue eyes"
"((bimboed Sally Whitemane from World of Warcraft)), amazingly stunningly beautiful,perfect face,highly detailed face ,(full wet lips),(whore smile), slutted smile,lustful face expression,highly detailed big eyes ,((Sally Whitemane hairstyle)), deep skin,shining skin,tanned skin ,(((athletic yet slender body with abs and muscles))), proportional body ,(wet body), perfect legs,perfect huge,perfect big ,(((erect))),(((super hard))),(full body view),(((beach))), sensual pose ,(spread legs), open legs,sexually aroused,lustful,wants sex ,(((tiny fitted micro bikini))),((ultra small micro bikini)), dabby micro bikini ,(masterpiece), ultra detailed,flawless ,(best quality), full HD,1.6k,hyperrealistic,high quality lighting ,(hyperanime art style), nsfw,SallyWhitemane,Sally Whitemane haircut,short hair,silver blond hair,red eyes,huge ,((mature)),(()), tonned body"
"1.8yo Lapa femjoy,pigtails,skinny waist,skinny legs,skinny figure,she is using the shower head to spray water on her,small,naked,topless,thigh gap,tight,washing her in the shower"
"(green hair,hair bun),(blue eyes), gles,emotionless face,blank face,expressionless,serious,looking at viewer,doctor,scientist ,(stethoscope,notepad), notes ,((wearing white lab coat)), wearing short pencil skirt ,(blue shirt), large,wide thighs ,(sexy,lewd,NSFW), professional,erotic pose"
"(ultra high res,photorealistic,realistic,best quality,photo-realistic),(high detailed skin,visible pores),(real person,photograph),(((yellow hanfu,chinese style))), realistic,simple background,upper body ,(8k,raw photo,best quality,masterpiece),(1), photon mapping,radiosity,physically-based rendering,automatic white balance ,(((hing smile,long hair))), watery eyes ,(blush|cute and playful|adorable|skinny|thick bangs|beauty|twintail|hair bun ,),(looking at viewer),(irises and pupils are rounded,the pupil reflects the surroundings,eyes are not the same size)"
"(masterpiece,best quality), with long white hair sitting in a field of green plants and flowers,her hand under her chin,warm lighting,white dress,blurry foreground"
"8k beautiful with long red long hair,H R Giger style,intricate,elegant,highly detailed,green eyes,majestic,digital photography ,(masterpiece,sidelighting,finely detailed beautiful green eyes:10), hdr,blurry,blurry_background,blurry_foreground,branch,cherry_blossoms,depth_of_field,looking_at_viewer,motion_blur,photo_\(medium\), photo_background,solo,tree,vibrant details,luxurious,absurdres,incredibly absurdres,white stocking ,(realistic,photo-realistic:1), finely detail,best quality,lace,hyperrealistic,anatomical,facial muscles,extremely detailed CG unity 8k wallpaper,octane render,elegant,depth_of_field,blue butterfly,looking_at_viewer,extremely detailed"
"(masterpiece,best quality,ultra-detailed,best shadow),(detailed background,dark fantasy),(beautiful detailed face), high contrast ,(best illumination,an extremely delicate and beautiful),((cinematic light)), colorful,hyper detail,dramatic light,intricate details ,(1,solo,black hair,sharp face,low twintails,red eyes,hair between eyes,dynamic angle), blood splatter,swirling black light around the character,depth of field,black light particles ,(broken gl), magic circle"
"masterpiece,best quality ,(colorful),(finely detailed beautiful eyes and detailed face), cinematic lighting,bust shot,extremely detailed CG unity 8k wallpaper,white hair,solo,smile,intricate skirt ,((flying petal)),(Flowery meadow)sky,cloudy_sky,building,moonlight,moon,night ,(dark theme:1.3), light,fantasy"
"Masterpiece,best-quality,ultra-detailed ,(ethereal ice queen:1.3)standing sovereign in her glacial palace,her presence commanding yet alluring,as she is adorned in(ice crystal attire:1.3)that sparkles with a thousand frozen lights,sitting on throne ,(legs crossed,thighs:1.2), legs,high heels,revealing,large,view from below ,(Translucent gown:1.2)sculpted from the purest ice,mimicking the delicate patterns of frost and snowflakes,each detail reflecting the harsh beauty of winter,and(crown of icicles:1.3)sitting atop her head,catching the dim light and scattering prisms around her ,(Skin like porcelain:1.2), touched by the cold,yet exuding an inner glow that belies the frigid air,her(eyes:1.3)piercing like the arctic sky,serene yet formidable power of the eternal winter ,(The throne room:1.2)a cathedral of ice,with towering spires and archways,all carved with the intricate history of her frozen realm,the air shimmering with a faint,otherworldly light ,(Her aura:1.3)fills the space with a chilling grace,the very air seems to crystallize in her presence,as she gazes out over her domain,a land of perpetual ice and snow,her rule absolute and unchallenged BREAK(short blonde hair,laced hair:1.2)"
"aalisa,long hair,hair flower,green eyes,big,Genshin Impact(aalisa,long hair,hair flower,green eyes,big cclisa,long hair,hair flower,green eyes,witch hat,collarbone,bare shoulders,gold trim,purple leotard,black gloves ,(pantyhose:1.2), Multiple Girls ,((2s))in full growth,best quality,masterpiece,ultra-detailed,high quality ,(no), no bra,yuri,yuri sex,lesbi,lesbi kiss,lesbi sex,Best Boobs ,((())),((())),(takes off clothes),((2s))in full growth,best quality,masterpiece,ultra-detailed,high quality ,(lovers,yuri,lesbians,couple:1.2), kissing,hugging,s caressing each other,kissing,whore,seduction pose,lesbian ,((lesbian sex)), against will ,(no), no bra,in full growth,best quality,masterpiece,ultra-detailed,high quality,perfect nose,highly detailed skin,warm skin tone,defiance51.2,RAW photo,best quality,high resolution ,(masterpiece), dreamlike,dreamy,modelshoot style,analog style,tonemapping,photorealistic,professional photography,sharp focus,HDR,8K resolution,intricate detail,sophisticated detail,hyper detailed ,(depth of field), highlight and shadow,volumetric lighting,cinematic bloom,professional light,looking at viewer,blotchy"
"Genshin Impact(aalisa,long hair,hair flower,green eyes,big collarbone,bare shoulders,gold trim,purple leotard,black gloves ,(pantyhose:1.2), Himeko,very long hair,red eyes,hair bow,twin_drills,twintails,long hair,cat ears,yellow cat ears ,), Himeko,very long hair,red eyes,hair bow,twin_drills,twintails,long hair,cat ears,yellow cat ears,in full growth,best quality,masterpiece,ultra-detailed,high quality,perfect nose,highly detailed skin,warm skin tone,defiance51.2,RAW photo,best quality,high resolution ,(masterpiece), dreamlike,dreamy,modelshoot style,analog style,tonemapping,photorealistic,professional photography,sharp focus,HDR,8K resolution,intricate detail,sophisticated detail,hyper detailed ,(depth of field), highlight and shadow,volumetric lighting,cinematic bloom,professional light,looking at viewer,blotchy"
"(masterpiece,best quality,intricate details,highly detailed:1.2), 3d,realistic,highres,8k,absurdres,skinny,mecha,science fiction,futuristic city,cybernetic bodysuit,short brown hair,fringe,big, cameltoe,underboob"
"ultra detailed,best quality,high resolution,portrait of a beautiful ,(princess gown,jewelry,:1.2),(cute face,lush cheeks:1.3),(small :10), center image ,(long hair,hair over shoulders:1.5),(blunt bangs:1.3),(outdoor,:1.4),(blush:1.3),(head tilt,:1.4),(point of view,facing viewer,solo,mid shot:1.3),(depth of field:1.2),(shiny lipstick,red lips:1.3),(very detailed lips,make up,eyes liner,:1.4),(pale skin,white skin:1.4),(glowing eyes:1.3),(glowing hair:1.2),(light brown hair:1.5),(light brown eyes:1.4),(naughty smile,naughty face:1.8),(very detailed body:1.2),(blush:1.2),(bare hair,bare head:1.4), standing:1.8),(slightly closed eyes:1.1),(dark theme:1.4),(plus size:1.3),(arms behind back:1.4),(bare neck,bare arms,:1.6),(bare chest:1.2)"
"((masterpiece,best quality)),(((masterpiece,best_quality,highest quality))),(perfect detail,perfect skin:1.2),(highres), original,extremely detailed 8K wallpaper ,(an extremely delicate and beautiful), incredibly_absurdres,intricate detail,distinct_image,extremely intricate ,(detailed skin:1.3), best quality:1.2,High definition,intricate details,finely detailed,beautiful detailed,high detailed skin ,((glossy skin)), shiny skin ,(white skin:1.3),(pale skin:1.3),(natural light,ray tracing,volumetric light),(top quality),(golden-ratio face,perfect proportioned face,perfectly beautiful:1.3),(reflected diffuse light to face:1.3),(peer proportional face),(peer proportional body,proportional awesome body:1.3), parted lips ,((presenting)),(perfect anatomy,correct limb,correct finger),((looking at viewer,eye contact)),((eye contact)), outdoors,solo,flower,blue eyes,long hair,looking at viewer,long dressï¼hat,ocean,dress,sitting,white flower,sky,bug,hat flower,day,bangs,butterfly,water,long sleeves,blue sky,rock,cloud,orange dress,blonde hair,horizon,orange headwear,hair ornament,closed mouth,smile,hair flower,short sleeves,looking to the side,bird,scenery,mountainous horizon,red headwear,white dress"
"best quality,masterpiece,8k,ultra detailed,BREAK(futanari,erection ,(large penis,large testicles:1.2),(veil,elbow gloves,yellow eyes,bangs,bare shoulders,purple dress,leotard,pantyhose), magic room"
"masterpiece,best quality,AuraFrieren,horns,twin braids,necklace,beret,black jacket,open jacket,domino mask,denim shorts,pink tank top,expressionless,hands in pockets,city,dutch angle"
"masterpiece,best quality,AuraFrieren,horns,twin braids,necklace,beret,black jacket,open jacket,domino mask,denim shorts,pink tank top,expressionless,hands in pockets,city,dutch angle"
"best quality,ultra high res,sleeveless white button shirt,black skirt,black choker,cute ,(Kpop idol),(aegyo sal:1),(platinum blonde hair:1),((puffy eyes)), looking at viewer,full body,facing front"
"makima \(chainsaw man\), best quality,ultra detailed,solo,standing,red hair,long braided hair,golden eyes,bangs,medium,white shirt,necktie,stare,smile ,(evil:1.2), looking at viewer ,(interview:1.3),(dark background,chains:1.3)"
"(masterpiece,best quality:1.2),(face focus:1.4), back focus,from behind,blonde hair,long hair,high ponytail,long ponytail,red eyes,long eyelashes,thick eyelashes,looking at viewer,red dress,backless dress,gold trim dress,puffy sleeves,juliet sleeves,long sleeves,red sleeves ,(black background:1.2), light particles,blurry,bloom,shiny hair"
"A real life photo of an adult on the stream bank,wide opened eyes,big eyeballs,swarthy skin,gray hair,jewelry,a crystal clear water stream,a sunny meadow,clouds,warm palette perfect shot,film grain"
"(masterpiece,best quality:1.2), flick,solo,sweater,large,ribbed sweater,looking at viewer,blush,white sweater,hand on hip,turtleneck,pink hair,two side up,long sleeves,cowboy shot,bangs,sweater dress,open mouth,turtleneck sweater,grey eyes,long hair,hair between eyes,:o"
"sitting,Volumetric light,holding gift,Room background,Flat,masterpiece,best quality,purple hair,<lyco:iselestia_spring_gift:09>,iselestia_spring_gift,Cutout,Long hair ,(Chinese clothes:0.8), From side"
"Generate an image of a demoness with mive,mive,huge thighs,she has red skin,wearing a form-fitting skimpy metal outfit,sitting on a black and bloody throne,looking down at viewer with a playful demanor with loose snow white hair with horns comingfrom her head,she has demonic black wings coming from her back,she has a red aura appearing as energy around her,beautiful face,her legs are crossed"
"cowboy shot,standing,from behind,looking back,short hair,blue hair,blue eyes,white dress,strapless dress,frilled dress,bare shoulder,bare arms,open mouth,smile,outdoors,beach,blue sky,sunlight"
"upper body,standing,from side,short hair,blue hair,blue eyes,black sweater,long sleeves,shoulder cutout,bare shoulders,closed mouth,smile,outdoors,city,cityscape,night,night sky"
"Masterpiece,best-quality,ultra-detailed ,(ethereal ice queen:1.3)standing sovereign in her glacial palace,her presence commanding yet alluring,as she is adorned in(ice crystal attire:1.3)that sparkles with a thousand frozen lights,sitting on throne ,(legs crossed,thighs:1.2), legs,high heels,revealing,large,view from below ,(Translucent gown:1.2)sculpted from the purest ice,mimicking the delicate patterns of frost and snowflakes,each detail reflecting the harsh beauty of winter,and(crown of icicles:1.3)sitting atop her head,catching the dim light and scattering prisms around her ,(Skin like porcelain:1.2), touched by the cold,yet exuding an inner glow that belies the frigid air,her(eyes:1.3)piercing like the arctic sky,serene yet formidable power of the eternal winter ,(The throne room:1.2)a cathedral of ice,with towering spires and archways,all carved with the intricate history of her frozen realm,the air shimmering with a faint,otherworldly light ,(Her aura:1.3)fills the space with a chilling grace,the very air seems to crystallize in her presence,as she gazes out over her domain,a land of perpetual ice and snow,her rule absolute and unchallenged BREAK(short blonde hair,laced hair:1.2)"
"((solo))(feral,Eevee), looking at viewer,best quality,shaded,extreme detail,highly detailed,long blonde curly hair,chest tuft,smile,wearing intricate nightie,Lying on the bed in a seductive pose,stroking her,stroking her,Her tail sways gently as she concentrates on the task at hand,adding to the whimsical atmosphere of this magical scene The soft lighting and detailed surroundings create an immersive environment where imagination runs wild,ultra detailed,intricate,beautiful eyes,detailed face,good anatomy,Perfect eyes,tail up,hands,5 fingers at hands,night,fog,flower,best quality,shaded,extreme detail,highly detailed,ultradetailed,intricate,top angle view,anus,lifted tail,realistic,detailed background,hi res,realistic,photography \(artwork\),(by kenket), by ross tran,by michael & inessa garmash,by pino daeni,by isvoc,by kiguri,by alena aenami,by ruan jia ,(by zenthetiger,by wolfy-nail), by Enki Bilal,by drmax,hioshiru), top view,looks at the camera, butt,smile,looking pleasured"
"masterpiece,aaram,short hair,hair over one eye,bangs,hair ribbon,purple ribbon,x hair ornament,small,roswaal mansion maid uniform,maid,neck ribbon,dress,frills,detached sleeves,long sleeves ,(apron:1.2), black skirt,hands on hips,smug smile,looking at viewer,from above,palace garden in background"
"(masterpiece,best quality,detailed), solo,looking at viewer,aaram,short hair,hair over one eye,bangs,hair ribbon,purple ribbon,x hair ornament,small,leather jacket,leather pants,strapless bra,black jacket,tight pants,black chocker,zipper,fingerless gloves,biker clothes,spikes,unzipped,high collar,pnkr,indoors,pink theme,purple theme,red theme,night,pink lighting,neon lights,cinematic lighting,fighting stance,clenched hands,legs apart,serious,closed mouth,v-shaped eyebrows,glaring"
"(masterpiece,best quality,high detailed,8k uhd:1.2), teresa irs,necklace,black thigh boots,dress ,(large,long hair:1.1), cowboy shot,looking at viewer ,(frontal,arms at side:1.3), slender,outdoors,science fiction,cityscape"
"(masterpiece,best quality,high detailed,8k uhd:1.2), teresa irs,solo,slender ,(large),(parted lips:1.2),(long hair,bare legs,bare shoulders,collarbone:1.3),(underwear only:1.4),(black,black bra:1.2),(cowboy shot,looking away,sitting on bed:1.2), dawn,indoors,bedroom"
"(best quality,masterpiece,highres), solo,swept bangs,chinese clothes,long sleeves,shorts,chinese new year,Impossible shirt,airfield,dynamic_angle,red stroke"
"(masterpiece,best quality,detailed), solo,looking at viewer,aaram,short hair,hair over one eye,bangs,hair ribbon,purple ribbon,x hair ornament,small,short sleeves,black pants,black necktie,red shirt,red gloves,jacket on shoulders,black jacket,outdoors,cyberpunk,city,night,city lights,neon lights,car,rain,dark,squatting,from below,spread legs,smile,parted lips,v-shaped eyebrows,smug"
"(best quality,masterpiece,highres), solo,dynamic_angle,low twintails,summer tank top,backless_dress,looking to the side,sony fe 100mm,pink stroke"
"(masterpiece,best quality,detailed), solo,looking at viewer,aaram,short hair,hair over one eye,bangs,hair ribbon,purple ribbon,x hair ornament,small,edgPorcelain,wearing edgPorcelain_corset,gold,necklace,dress,indoors,wooden floor,fireplace,on floor ,(persian carpet), fisheye,kneeling,from above,hand on own chest,parted lips,blush"
"best quality,detailed,high res,8k ,(breast grab:1.5),(masturbation:1.5), roof of tower,rain,wet shirt,night,cuming,spreads legs,tears,open mouth,tongue out"
"((facing viewer)),(two-tone hair:1.2),(vibrant), dynamic pose,seducive,masterpiece,best quality,night,close-up,full body,string only micro bikini bottom,clothes_store,fitting room"
"[(warm colors,emotional,heartwarming:1.2.0)::025] ,(masterpiece:1.40),(1,solo,joyful), [curly hair:shoulder-length hair: 060],[green eyes: sparkling eyes: 070],looking at viewer,genuine smile ,(gift box:1.30), [ribbon: shiny ribbon: 050] BREAK(festive atmosphere:1.1.5),(decorated room:090),(candlelight:1.10),(soft glow:1.25),(cozy setting:1.2.0),(holiday spirit:1.30),(colorful background:1.2.0)"
"masterpiece,best quality,solo ,(overlooking medieval town:1.25), forest,sky,ocean,purple hair ,(low twintails,long hair:1), red eyes,hair between eyes,large,covered,white sandals,strappy heels,high heels,hand on head,bare shoulders,smile,white scrunchie,frilly white summer dress,straw hat,short skirt,sleeveless,windy,squatting,holding hat"
"anime,in the style of frank thorne,romanticized femininity,makoto aida,elegant,emotive faces,close up"
"An anime relaxing at the beach,beach,tides,beautiful sunset sky,beach swimwear,Miami,ocean ,(perfect anime quality,perfect face), photo quality,wavy brown hair,medium,watching the sunset"
"beautiful warrior,short blue hair,shimmering jewels armor,in the style of Alfons Mucha,with emphasis on light play and the transparency of the gl,High and short depth of field,Ray tracing,FHD,hyper quality"
